trial_id,registry_id,status_code,center_name,province_id,region
GqhMYMi2BfZ0y66CdMoJ,,recruiting,中国医学科学院肿瘤医院,beijing,china
e3jf0yOqo4B63EYvces1,CTR20200081,recruiting,上海交通大学医学院附属瑞金医院,shanghai,china
e3jf0yOqo4B63EYvces1,CTR20200081,recruiting,上海市同济医院,shanghai,china
e3jf0yOqo4B63EYvces1,CTR20200081,recruiting,中国医学科学院血液学研究所血液病医院,tianjin,china
e3jf0yOqo4B63EYvces1,CTR20200081,recruiting,中国医科大学附属盛京医院,liaoning,china
e3jf0yOqo4B63EYvces1,CTR20200081,recruiting,中国医科大学附属第一医院,liaoning,china
e3jf0yOqo4B63EYvces1,CTR20200081,recruiting,中山大学肿瘤防治中心,guangdong,china
e3jf0yOqo4B63EYvces1,CTR20200081,recruiting,北京协和医院,beijing,china
e3jf0yOqo4B63EYvces1,CTR20200081,recruiting,北京大学第三医院,beijing,china
e3jf0yOqo4B63EYvces1,CTR20200081,recruiting,华中科技大学同济医学院附属协和医院,hubei,china
e3jf0yOqo4B63EYvces1,CTR20200081,recruiting,南京鼓楼医院,jiangsu,china
e3jf0yOqo4B63EYvces1,CTR20200081,recruiting,南昌大学第一附属医院,jiangxi,china
e3jf0yOqo4B63EYvces1,CTR20200081,recruiting,四川大学华西医院,sichuan,china
e3jf0yOqo4B63EYvces1,CTR20200081,recruiting,天津市肿瘤医院,tianjin,china
e3jf0yOqo4B63EYvces1,CTR20200081,recruiting,广东省人民医院,guangdong,china
e3jf0yOqo4B63EYvces1,CTR20200081,recruiting,河南省肿瘤医院,henan,china
e3jf0yOqo4B63EYvces1,CTR20200081,recruiting,浙江大学附属第一医院,zhejiang,china
e3jf0yOqo4B63EYvces1,CTR20200081,recruiting,温州医科大学附属第一医院,zhejiang,china
e3jf0yOqo4B63EYvces1,CTR20200081,recruiting,苏州大学附属第一医院,jiangsu,china
e3jf0yOqo4B63EYvces1,CTR20200081,recruiting,首都医科大学附属北京朝阳医院,beijing,china
8QUxUFIp6PeS3zkjLRNX,CTR20202322,recruiting,上海交通大学医学院附属仁济医院,shanghai,china
8QUxUFIp6PeS3zkjLRNX,CTR20202322,recruiting,中国医学科学院血液病医院,tianjin,china
8QUxUFIp6PeS3zkjLRNX,CTR20202322,recruiting,中山大学肿瘤防治中心,guangdong,china
8QUxUFIp6PeS3zkjLRNX,CTR20202322,recruiting,北京大学第三医院,beijing,china
8QUxUFIp6PeS3zkjLRNX,CTR20202322,recruiting,南昌大学第一附属医院,jiangxi,china
8QUxUFIp6PeS3zkjLRNX,CTR20202322,recruiting,天津市肿瘤医院,tianjin,china
8QUxUFIp6PeS3zkjLRNX,CTR20202322,recruiting,徐州医科大学附属医院,jiangsu,china
8QUxUFIp6PeS3zkjLRNX,CTR20202322,recruiting,江苏省人民医院,jiangsu,china
8QUxUFIp6PeS3zkjLRNX,CTR20202322,recruiting,河南省肿瘤医院,henan,china
8QUxUFIp6PeS3zkjLRNX,CTR20202322,recruiting,浙江大学医学院附属第一医院,zhejiang,china
duqe6ArTLsTEfur3tUHd,CTR20210564,terminated,中国医学科学院血液学研究所血液病医院,tianjin,china
duqe6ArTLsTEfur3tUHd,CTR20210564,terminated,华中科技大学同济医学院附属协和医院,hubei,china
duqe6ArTLsTEfur3tUHd,CTR20210564,terminated,四川大学华西医院,sichuan,china
IZK1cU4OKF56oThiHPFu,CTR20221007,recruiting,上海交通大学医学院附属仁济医院,shanghai,china
IZK1cU4OKF56oThiHPFu,CTR20221007,recruiting,上海市同济医院,shanghai,china
IZK1cU4OKF56oThiHPFu,CTR20221007,recruiting,中南大学湘雅二医院,hunan,china
IZK1cU4OKF56oThiHPFu,CTR20221007,recruiting,中国医学科学院血液病医院,tianjin,china
IZK1cU4OKF56oThiHPFu,CTR20221007,recruiting,中国医科大学附属盛京医院,liaoning,china
IZK1cU4OKF56oThiHPFu,CTR20221007,recruiting,中山大学附属肿瘤医院,guangdong,china
IZK1cU4OKF56oThiHPFu,CTR20221007,recruiting,华中科技大学同济医学院附属协和医院,hubei,china
IZK1cU4OKF56oThiHPFu,CTR20221007,recruiting,华中科技大学同济医学院附属同济医院,hubei,china
IZK1cU4OKF56oThiHPFu,CTR20221007,recruiting,南京鼓楼医院,jiangsu,china
IZK1cU4OKF56oThiHPFu,CTR20221007,recruiting,南方医科大学南方医院,guangdong,china
IZK1cU4OKF56oThiHPFu,CTR20221007,recruiting,南方医科大学珠江医院,guangdong,china
IZK1cU4OKF56oThiHPFu,CTR20221007,recruiting,南昌大学第二附属医院,jiangxi,china
IZK1cU4OKF56oThiHPFu,CTR20221007,recruiting,哈尔滨医科大学附属肿瘤医院,heilongjiang,china
IZK1cU4OKF56oThiHPFu,CTR20221007,recruiting,四川省人民医院,sichuan,china
IZK1cU4OKF56oThiHPFu,CTR20221007,recruiting,天津市肿瘤医院,tianjin,china
IZK1cU4OKF56oThiHPFu,CTR20221007,recruiting,宁波大学附属第一医院,zhejiang,china
IZK1cU4OKF56oThiHPFu,CTR20221007,recruiting,安徽医科大学第一附属医院,anhui,china
IZK1cU4OKF56oThiHPFu,CTR20221007,recruiting,山东省立医院,shandong,china
IZK1cU4OKF56oThiHPFu,CTR20221007,recruiting,山东第一医科大学附属肿瘤医院,shandong,china
IZK1cU4OKF56oThiHPFu,CTR20221007,recruiting,山西医科大学第二医院,shanxi,china
IZK1cU4OKF56oThiHPFu,CTR20221007,recruiting,山西省肿瘤医院,shanxi,china
IZK1cU4OKF56oThiHPFu,CTR20221007,recruiting,广西医科大学第一附属医院,guangxi,china
IZK1cU4OKF56oThiHPFu,CTR20221007,recruiting,广西医科大学附属肿瘤医院,guangxi,china
IZK1cU4OKF56oThiHPFu,CTR20221007,recruiting,江苏省人民医院,jiangsu,china
IZK1cU4OKF56oThiHPFu,CTR20221007,recruiting,江西省人民医院,jiangxi,china
IZK1cU4OKF56oThiHPFu,CTR20221007,recruiting,河北医科大学第四医院,hebei,china
IZK1cU4OKF56oThiHPFu,CTR20221007,recruiting,河北大学附属医院,hebei,china
IZK1cU4OKF56oThiHPFu,CTR20221007,recruiting,河南省肿瘤医院,henan,china
IZK1cU4OKF56oThiHPFu,CTR20221007,recruiting,浙江大学医学院附属第一医院,zhejiang,china
IZK1cU4OKF56oThiHPFu,CTR20221007,recruiting,福建医科大学附属协和医院,fujian,china
IZK1cU4OKF56oThiHPFu,CTR20221007,recruiting,福建医科大学附属第一医院,fujian,china
IZK1cU4OKF56oThiHPFu,CTR20221007,recruiting,西南医科大学附属医院,sichuan,china
IZK1cU4OKF56oThiHPFu,CTR20221007,recruiting,西安交通大学第一附属医院,shaanxi,china
IZK1cU4OKF56oThiHPFu,CTR20221007,recruiting,西安交通大学第二附属医院,shaanxi,china
IZK1cU4OKF56oThiHPFu,CTR20221007,recruiting,遵义医科大学附属医院,guizhou,china
IZK1cU4OKF56oThiHPFu,CTR20221007,recruiting,郑州大学第一附属医院,henan,china
IZK1cU4OKF56oThiHPFu,CTR20221007,recruiting,重庆医科大学附属第二医院,chongqing,china
rwVElafqk8RwBlLWV55I,CTR20221467,recruiting,中国医学科学院血液病医院(天津血液所),tianjin,china
vsPVNmY0ym7MP1W0cEdb,CTR20221556,recruiting,中南大学湘雅三医院,hunan,china
vsPVNmY0ym7MP1W0cEdb,CTR20221556,recruiting,中国医学科学院血液病医院,tianjin,china
vsPVNmY0ym7MP1W0cEdb,CTR20221556,recruiting,中国医科大学附属盛京,liaoning,china
vsPVNmY0ym7MP1W0cEdb,CTR20221556,recruiting,中山大学肿瘤防治中心,guangdong,china
vsPVNmY0ym7MP1W0cEdb,CTR20221556,recruiting,北京大学第三医院,beijing,china
vsPVNmY0ym7MP1W0cEdb,CTR20221556,recruiting,北京朝阳医院,beijing,china
vsPVNmY0ym7MP1W0cEdb,CTR20221556,recruiting,华中科技大学同济医学院附属协和医院,hubei,china
vsPVNmY0ym7MP1W0cEdb,CTR20221556,recruiting,南昌大学第一附属医院,jiangxi,china
vsPVNmY0ym7MP1W0cEdb,CTR20221556,recruiting,徐州医学院附属医院,jiangsu,china
vsPVNmY0ym7MP1W0cEdb,CTR20221556,recruiting,浙江大学医学院附属第一医院,zhejiang,china
vsPVNmY0ym7MP1W0cEdb,CTR20221556,recruiting,深圳市第二人民医院,guangdong,china
vFs88zqRIWannad8CWWo,CTR20222476,recruiting,中山大学附属第一医院,guangdong,china
vFs88zqRIWannad8CWWo,CTR20222476,recruiting,北京大学第三医院,beijing,china
vFs88zqRIWannad8CWWo,CTR20222476,recruiting,浙江大学医学院附属第一医院,zhejiang,china
vFs88zqRIWannad8CWWo,CTR20222476,recruiting,首都医科大学附属北京朝阳医院,beijing,china
6NB1nSfRxbUnVirRUNLF,CTR20223160,recruiting,上海交通大学医学院附属仁济医院,shanghai,china
6NB1nSfRxbUnVirRUNLF,CTR20223160,recruiting,中国医科大学附属盛京医院,liaoning,china
6NB1nSfRxbUnVirRUNLF,CTR20223160,recruiting,中山大学中立防治中心,guangdong,china
6NB1nSfRxbUnVirRUNLF,CTR20223160,recruiting,北京大学人民医院,beijing,china
6NB1nSfRxbUnVirRUNLF,CTR20223160,recruiting,河南省肿瘤医院,henan,china
6NB1nSfRxbUnVirRUNLF,CTR20223160,recruiting,浙江大学医学院附属第一医院,zhejiang,china
0Qmmm9lm1p7BA56I6z2o,CTR20223310,recruiting,中山大学肿瘤防治中心,guangdong,china
0Qmmm9lm1p7BA56I6z2o,CTR20223310,recruiting,北京协和医院,beijing,china
0Qmmm9lm1p7BA56I6z2o,CTR20223310,recruiting,华中科技大学同济医学院附属同济医院,hubei,china
0Qmmm9lm1p7BA56I6z2o,CTR20223310,recruiting,南京大学医学院附属鼓楼医院,jiangsu,china
0Qmmm9lm1p7BA56I6z2o,CTR20223310,recruiting,复旦大学附属中山医院,shanghai,china
0Qmmm9lm1p7BA56I6z2o,CTR20223310,recruiting,天津市人民医院,tianjin,china
0Qmmm9lm1p7BA56I6z2o,CTR20223310,recruiting,天津市肿瘤医院,tianjin,china
0Qmmm9lm1p7BA56I6z2o,CTR20223310,recruiting,山东省肿瘤医院,shandong,china
0Qmmm9lm1p7BA56I6z2o,CTR20223310,recruiting,徐州医科大学附属医院,jiangsu,china
0Qmmm9lm1p7BA56I6z2o,CTR20223310,recruiting,江西省肿瘤医院,jiangxi,china
0Qmmm9lm1p7BA56I6z2o,CTR20223310,recruiting,河南省肿瘤医院,henan,china
0Qmmm9lm1p7BA56I6z2o,CTR20223310,recruiting,温州医科大学附属第一医院,zhejiang,china
0Qmmm9lm1p7BA56I6z2o,CTR20223310,recruiting,苏州大学附属第二医院,jiangsu,china
0Qmmm9lm1p7BA56I6z2o,CTR20223310,recruiting,西安交通大学第一附属医院,shaanxi,china
ATudr9cXCpOeBsBtEBMt,CTR20223338,recruiting,上海市第六人民医院,shanghai,china
ATudr9cXCpOeBsBtEBMt,CTR20223338,recruiting,上海市第四人民医院,shanghai,china
ATudr9cXCpOeBsBtEBMt,CTR20223338,recruiting,中南大学湘雅三医院,hunan,china
ATudr9cXCpOeBsBtEBMt,CTR20223338,recruiting,中南大学湘雅医院,hunan,china
ATudr9cXCpOeBsBtEBMt,CTR20223338,recruiting,中国医科大学附属盛京医院,liaoning,china
ATudr9cXCpOeBsBtEBMt,CTR20223338,recruiting,中山大学肿瘤防治中心,guangdong,china
ATudr9cXCpOeBsBtEBMt,CTR20223338,recruiting,北京大学第一医院,beijing,china
ATudr9cXCpOeBsBtEBMt,CTR20223338,recruiting,北京大学第三医院,beijing,china
ATudr9cXCpOeBsBtEBMt,CTR20223338,recruiting,华中科技大学同济医学院附属协和医院,hubei,china
ATudr9cXCpOeBsBtEBMt,CTR20223338,recruiting,南京大学医学院附属鼓楼医院,jiangsu,china
ATudr9cXCpOeBsBtEBMt,CTR20223338,recruiting,厦门大学附属第一医院,fujian,china
ATudr9cXCpOeBsBtEBMt,CTR20223338,recruiting,天津医科大学肿瘤医院,tianjin,china
ATudr9cXCpOeBsBtEBMt,CTR20223338,recruiting,宁波市第一医院,zhejiang,china
ATudr9cXCpOeBsBtEBMt,CTR20223338,recruiting,山西医科大学第一医院,shanxi,china
ATudr9cXCpOeBsBtEBMt,CTR20223338,recruiting,山西白求恩医院,shanxi,china
ATudr9cXCpOeBsBtEBMt,CTR20223338,recruiting,广西医科大学第一附属医院,guangxi,china
ATudr9cXCpOeBsBtEBMt,CTR20223338,recruiting,无锡市人民医院,jiangsu,china
ATudr9cXCpOeBsBtEBMt,CTR20223338,recruiting,昆明医科大学第一附属医院,yunnan,china
ATudr9cXCpOeBsBtEBMt,CTR20223338,recruiting,柳州工人医院,guangxi,china
ATudr9cXCpOeBsBtEBMt,CTR20223338,recruiting,河北医科大学第一医院,hebei,china
ATudr9cXCpOeBsBtEBMt,CTR20223338,recruiting,河南省人民医院,henan,china
ATudr9cXCpOeBsBtEBMt,CTR20223338,recruiting,河南省肿瘤医院,henan,china
ATudr9cXCpOeBsBtEBMt,CTR20223338,recruiting,河南科技大学第一附属医院,henan,china
ATudr9cXCpOeBsBtEBMt,CTR20223338,recruiting,浙江省台州医院,zhejiang,china
ATudr9cXCpOeBsBtEBMt,CTR20223338,recruiting,深圳市第二人民医院,guangdong,china
ATudr9cXCpOeBsBtEBMt,CTR20223338,recruiting,温州医科大学附属第一医院,zhejiang,china
ATudr9cXCpOeBsBtEBMt,CTR20223338,recruiting,西安交通大学医学院附属第二医院,shaanxi,china
ATudr9cXCpOeBsBtEBMt,CTR20223338,recruiting,西安国际医学中心有限公司,shaanxi,china
ATudr9cXCpOeBsBtEBMt,CTR20223338,recruiting,重庆医科大学附属第一医院,chongqing,china
ATudr9cXCpOeBsBtEBMt,CTR20223338,recruiting,青岛大学附属医院,shandong,china
ATudr9cXCpOeBsBtEBMt,CTR20223338,recruiting,首都医科大学附属北京朝阳医院东院,beijing,china
ATudr9cXCpOeBsBtEBMt,CTR20223338,recruiting,首都医科大学附属北京朝阳医院西院,beijing,china
8tKGaWzEODGQT43wIyH5,CTR20230238,recruiting,上海交通大学医学院附属仁济医院,shanghai,china
8tKGaWzEODGQT43wIyH5,CTR20230238,recruiting,上海交通大学医学院附属瑞金医院,shanghai,china
8tKGaWzEODGQT43wIyH5,CTR20230238,recruiting,中南大学湘雅三医院,hunan,china
8tKGaWzEODGQT43wIyH5,CTR20230238,recruiting,中南大学湘雅二医院,hunan,china
8tKGaWzEODGQT43wIyH5,CTR20230238,recruiting,中国医学科学院肿瘤医院深圳医院,guangdong,china
8tKGaWzEODGQT43wIyH5,CTR20230238,recruiting,中国医科大学附属盛京医院,liaoning,china
8tKGaWzEODGQT43wIyH5,CTR20230238,recruiting,北京博仁医院,beijing,china
8tKGaWzEODGQT43wIyH5,CTR20230238,recruiting,北京积水潭医院,beijing,china
8tKGaWzEODGQT43wIyH5,CTR20230238,recruiting,华中科技大学同济医学院附属协和医院,hubei,china
8tKGaWzEODGQT43wIyH5,CTR20230238,recruiting,南昌大学第一附属医院,jiangxi,china
8tKGaWzEODGQT43wIyH5,CTR20230238,recruiting,哈尔滨市第一医院血液肿瘤研究中心,heilongjiang,china
8tKGaWzEODGQT43wIyH5,CTR20230238,recruiting,天津市第一中心医院,tianjin,china
8tKGaWzEODGQT43wIyH5,CTR20230238,recruiting,安徽省肿瘤医院,anhui,china
8tKGaWzEODGQT43wIyH5,CTR20230238,recruiting,山东第一医科大学附属肿瘤医院,shandong,china
8tKGaWzEODGQT43wIyH5,CTR20230238,recruiting,山西省肿瘤医院,shanxi,china
8tKGaWzEODGQT43wIyH5,CTR20230238,recruiting,广州医科大学第一附属医院,guangdong,china
8tKGaWzEODGQT43wIyH5,CTR20230238,recruiting,徐州医科大学附属医院,jiangsu,china
8tKGaWzEODGQT43wIyH5,CTR20230238,recruiting,河北医科大学附属第三医院,hebei,china
8tKGaWzEODGQT43wIyH5,CTR20230238,recruiting,河北大学附属医院,hebei,china
8tKGaWzEODGQT43wIyH5,CTR20230238,recruiting,河南省人民,henan,china
8tKGaWzEODGQT43wIyH5,CTR20230238,recruiting,河南省肿瘤医院,henan,china
8tKGaWzEODGQT43wIyH5,CTR20230238,recruiting,浙江大学医学院附属第一医院,zhejiang,china
8tKGaWzEODGQT43wIyH5,CTR20230238,recruiting,温州医科大学附属第一医院,zhejiang,china
8tKGaWzEODGQT43wIyH5,CTR20230238,recruiting,空军军医大学附属西京医院,shaanxi,china
8tKGaWzEODGQT43wIyH5,CTR20230238,recruiting,首都医科大学附属北京同仁医院,beijing,china
D107SNUOgkVnT8mU1xF3,CTR20230801,recruiting,中国医科大学附属盛京医院,liaoning,china
D107SNUOgkVnT8mU1xF3,CTR20230801,recruiting,中山大学肿瘤防治中心,guangdong,china
D107SNUOgkVnT8mU1xF3,CTR20230801,recruiting,内蒙古医科大学附属医院,innermongolia,china
D107SNUOgkVnT8mU1xF3,CTR20230801,recruiting,北京大学第三医院,beijing,china
D107SNUOgkVnT8mU1xF3,CTR20230801,recruiting,华中科技大学协和深圳医院（深圳市南山区人民医院）,guangdong,china
D107SNUOgkVnT8mU1xF3,CTR20230801,recruiting,华中科技大学同济医学院附属同济医院,hubei,china
D107SNUOgkVnT8mU1xF3,CTR20230801,recruiting,南昌大学第一附属医院,jiangxi,china
D107SNUOgkVnT8mU1xF3,CTR20230801,recruiting,南通大学附属医院,jiangsu,china
D107SNUOgkVnT8mU1xF3,CTR20230801,recruiting,厦门大学附属中山医院,fujian,china
D107SNUOgkVnT8mU1xF3,CTR20230801,recruiting,吉林大学第一医院,jilin,china
D107SNUOgkVnT8mU1xF3,CTR20230801,recruiting,哈尔滨市第一医院,heilongjiang,china
D107SNUOgkVnT8mU1xF3,CTR20230801,recruiting,商丘市第一人民医院,henan,china
D107SNUOgkVnT8mU1xF3,CTR20230801,recruiting,天津市肿瘤医院,tianjin,china
D107SNUOgkVnT8mU1xF3,CTR20230801,recruiting,宝鸡市中心医院,shaanxi,china
D107SNUOgkVnT8mU1xF3,CTR20230801,recruiting,山西白求恩医院,shanxi,china
D107SNUOgkVnT8mU1xF3,CTR20230801,recruiting,常州市第一人民医院,jiangsu,china
D107SNUOgkVnT8mU1xF3,CTR20230801,recruiting,广州医科大学附属第一医院,guangdong,china
D107SNUOgkVnT8mU1xF3,CTR20230801,recruiting,柳州市人民医院,guangxi,china
D107SNUOgkVnT8mU1xF3,CTR20230801,recruiting,河北大学附属医院,hebei,china
D107SNUOgkVnT8mU1xF3,CTR20230801,recruiting,河南省肿瘤医院,henan,china
D107SNUOgkVnT8mU1xF3,CTR20230801,recruiting,浙江大学医学院附属邵逸夫医院,zhejiang,china
D107SNUOgkVnT8mU1xF3,CTR20230801,recruiting,濮阳市安阳地区医院,henan,china
D107SNUOgkVnT8mU1xF3,CTR20230801,recruiting,濮阳油田总医院,henan,china
D107SNUOgkVnT8mU1xF3,CTR20230801,recruiting,焦作市人民医院,henan,china
D107SNUOgkVnT8mU1xF3,CTR20230801,recruiting,玉林市红十字会医院,guangxi,china
D107SNUOgkVnT8mU1xF3,CTR20230801,recruiting,西安交通大学第一附属医院,shaanxi,china
D107SNUOgkVnT8mU1xF3,CTR20230801,recruiting,赣南医科大学第一附属医院,jiangxi,china
D107SNUOgkVnT8mU1xF3,CTR20230801,recruiting,首都医科大学附属北京朝阳医院,beijing,china
JtySWeLZ15TfObSRjmu9,CTR20230879,recruiting,中国医科大学附属盛京医院,liaoning,china
JtySWeLZ15TfObSRjmu9,CTR20230879,recruiting,中山大学附属肿瘤医院,guangdong,china
JtySWeLZ15TfObSRjmu9,CTR20230879,recruiting,复旦大学附属中山医院,shanghai,china
JtySWeLZ15TfObSRjmu9,CTR20230879,recruiting,天津市肿瘤医院,tianjin,china
JtySWeLZ15TfObSRjmu9,CTR20230879,recruiting,山东省立医院,shandong,china
JtySWeLZ15TfObSRjmu9,CTR20230879,recruiting,河南省肿瘤医院,henan,china
JtySWeLZ15TfObSRjmu9,CTR20230879,recruiting,首都医科大学附属北京朝阳医院,beijing,china
19Pj31FdDM8AjC5b6oHM,CTR20231932,recruiting,中国医学科学院血液病医院（中国医学科学院血液学研究所）_团泊院区,tianjin,china
19Pj31FdDM8AjC5b6oHM,CTR20231932,recruiting,中国医科大学附属第一医院,liaoning,china
19Pj31FdDM8AjC5b6oHM,CTR20231932,recruiting,中山大学附属肿瘤医院,guangdong,china
19Pj31FdDM8AjC5b6oHM,CTR20231932,recruiting,北京大学人民医院,beijing,china
19Pj31FdDM8AjC5b6oHM,CTR20231932,recruiting,北京大学第三医院,beijing,china
19Pj31FdDM8AjC5b6oHM,CTR20231932,recruiting,华中科技大学同济医学院附属协和医院,hubei,china
19Pj31FdDM8AjC5b6oHM,CTR20231932,recruiting,华中科技大学同济医学院附属同济医院,hubei,china
19Pj31FdDM8AjC5b6oHM,CTR20231932,recruiting,南京大学医学院附属鼓楼医院,jiangsu,china
19Pj31FdDM8AjC5b6oHM,CTR20231932,recruiting,南昌大学第一附属医院,jiangxi,china
19Pj31FdDM8AjC5b6oHM,CTR20231932,recruiting,厦门大学附属第一医院,fujian,china
19Pj31FdDM8AjC5b6oHM,CTR20231932,recruiting,同济大学附属上海市第四人民医院,shanghai,china
19Pj31FdDM8AjC5b6oHM,CTR20231932,recruiting,复旦大学附属中山医院,shanghai,china
19Pj31FdDM8AjC5b6oHM,CTR20231932,recruiting,天津医科大学总医院,tianjin,china
19Pj31FdDM8AjC5b6oHM,CTR20231932,recruiting,广东省人民医院,guangdong,china
19Pj31FdDM8AjC5b6oHM,CTR20231932,recruiting,江苏省人民医院,jiangsu,china
19Pj31FdDM8AjC5b6oHM,CTR20231932,recruiting,河北医科大学第二医院,hebei,china
19Pj31FdDM8AjC5b6oHM,CTR20231932,recruiting,河南省肿瘤医院,henan,china
19Pj31FdDM8AjC5b6oHM,CTR20231932,recruiting,浙江大学医学院附属第一医院,zhejiang,china
19Pj31FdDM8AjC5b6oHM,CTR20231932,recruiting,湖南省肿瘤医院,hunan,china
19Pj31FdDM8AjC5b6oHM,CTR20231932,recruiting,福建医科大学附属协和医院,fujian,china
19Pj31FdDM8AjC5b6oHM,CTR20231932,recruiting,郑州大学第一附属医院,henan,china
19Pj31FdDM8AjC5b6oHM,CTR20231932,recruiting,重庆大学附属肿瘤医院,chongqing,china
19Pj31FdDM8AjC5b6oHM,CTR20231932,recruiting,青岛市立医院,shandong,china
19Pj31FdDM8AjC5b6oHM,CTR20231932,recruiting,首都医科大学附属北京朝阳医院,beijing,china
YqMZEd95kNe7iaWrtkSx,CTR20231956,recruiting,A.O.U. Citta della Salute e della Scienza Torino,,overseas
YqMZEd95kNe7iaWrtkSx,CTR20231956,recruiting,CHU Nantes - Hopital Hotel Dieu,,overseas
YqMZEd95kNe7iaWrtkSx,CTR20231956,recruiting,Charite - Campus Benjamin Franklin,,overseas
YqMZEd95kNe7iaWrtkSx,CTR20231956,recruiting,Clinica Universidad de Navarra.,,overseas
YqMZEd95kNe7iaWrtkSx,CTR20231956,recruiting,"Helsinki University Hospital, Comprehensive Cancer Center",,overseas
YqMZEd95kNe7iaWrtkSx,CTR20231956,recruiting,Hospital Clinico Universitario de Salamanca.,,overseas
YqMZEd95kNe7iaWrtkSx,CTR20231956,recruiting,Hospital Universitario 12 de Octubre,,overseas
YqMZEd95kNe7iaWrtkSx,CTR20231956,recruiting,Hospital Universitario Marques De Valdecilla.,,overseas
YqMZEd95kNe7iaWrtkSx,CTR20231956,recruiting,Institut Claudius Regaud - IUCT-O,,overseas
YqMZEd95kNe7iaWrtkSx,CTR20231956,recruiting,Instituto COI de Educacao e Pesquisa,,overseas
YqMZEd95kNe7iaWrtkSx,CTR20231956,recruiting,James Lind Centro de investigacion del cancer,,overseas
YqMZEd95kNe7iaWrtkSx,CTR20231956,recruiting,National Hospital Organization Okayama Medical Center,,overseas
YqMZEd95kNe7iaWrtkSx,CTR20231956,recruiting,Royal North Shore Hospital,,overseas
YqMZEd95kNe7iaWrtkSx,CTR20231956,recruiting,S. P. Botkin City Clinical Hospital,,overseas
YqMZEd95kNe7iaWrtkSx,CTR20231956,recruiting,Seoul National University Hospital,,overseas
YqMZEd95kNe7iaWrtkSx,CTR20231956,recruiting,Sunderby sjukhus,,overseas
YqMZEd95kNe7iaWrtkSx,CTR20231956,recruiting,University General Hospital of Patras Panagia I Voitheia,,overseas
YqMZEd95kNe7iaWrtkSx,CTR20231956,recruiting,Vseobecna Fakultni Nemocnice V Praze,,overseas
YqMZEd95kNe7iaWrtkSx,CTR20231956,recruiting,Washington University School of Medicine,,overseas
YqMZEd95kNe7iaWrtkSx,CTR20231956,recruiting,中国医学科学院血液病医院,tianjin,china
YqMZEd95kNe7iaWrtkSx,CTR20231956,recruiting,中国医药大学附设医院,taiwan,china
vML0GNhX0uBqzICInobE,CTR20232373,recruiting,中国医学科学院血液病医院,tianjin,china
vML0GNhX0uBqzICInobE,CTR20232373,recruiting,中国医科大学附属第一医院,liaoning,china
vML0GNhX0uBqzICInobE,CTR20232373,recruiting,南昌大学第一附属医院,jiangxi,china
vML0GNhX0uBqzICInobE,CTR20232373,recruiting,四川省人民医院,sichuan,china
vML0GNhX0uBqzICInobE,CTR20232373,recruiting,山东第一医科大学附属肿瘤医院,shandong,china
vML0GNhX0uBqzICInobE,CTR20232373,recruiting,杭州市第一人民医院,zhejiang,china
vML0GNhX0uBqzICInobE,CTR20232373,recruiting,江西省肿瘤医院,jiangxi,china
vML0GNhX0uBqzICInobE,CTR20232373,recruiting,河南省肿瘤医院,henan,china
vML0GNhX0uBqzICInobE,CTR20232373,recruiting,浙江大学医学院附属第一医院,zhejiang,china
vML0GNhX0uBqzICInobE,CTR20232373,recruiting,福建医科大学附属协和医院,fujian,china
vML0GNhX0uBqzICInobE,CTR20232373,recruiting,青岛大学附属医院,shandong,china
c0GVmGDcJB2qmuoj7OfS,CTR20232814,recruiting,上海市同济医院,shanghai,china
c0GVmGDcJB2qmuoj7OfS,CTR20232814,recruiting,中南大学湘雅三医院,hunan,china
c0GVmGDcJB2qmuoj7OfS,CTR20232814,recruiting,中山大学肿瘤防治中心,guangdong,china
c0GVmGDcJB2qmuoj7OfS,CTR20232814,recruiting,华中科技大学同济医学院附属协和医院,hubei,china
c0GVmGDcJB2qmuoj7OfS,CTR20232814,recruiting,南昌大学第一附属医院,jiangxi,china
c0GVmGDcJB2qmuoj7OfS,CTR20232814,recruiting,江苏省人民医院,jiangsu,china
c0GVmGDcJB2qmuoj7OfS,CTR20232814,recruiting,浙江大学医学院附属第一医院,zhejiang,china
c0GVmGDcJB2qmuoj7OfS,CTR20232814,recruiting,深圳大学总医院,guangdong,china
OrWE1CPIPHNP4wLgrMiy,CTR20232917,recruiting,Chang Gung Medical Foundation - Kaohsiung Branch,taiwan,china
OrWE1CPIPHNP4wLgrMiy,CTR20232917,recruiting,E-DA Cancer Hospital,taiwan,china
OrWE1CPIPHNP4wLgrMiy,CTR20232917,recruiting,Far Eastern Memorial Hospital,taiwan,china
OrWE1CPIPHNP4wLgrMiy,CTR20232917,recruiting,National Cheng Kung University Hospital,taiwan,china
OrWE1CPIPHNP4wLgrMiy,CTR20232917,recruiting,Queen Mary Hospital,hongkong,china
OrWE1CPIPHNP4wLgrMiy,CTR20232917,recruiting,上海交通大学医学院附属瑞金医院,shanghai,china
OrWE1CPIPHNP4wLgrMiy,CTR20232917,recruiting,上海长征医院,shanghai,china
OrWE1CPIPHNP4wLgrMiy,CTR20232917,recruiting,中南大学湘雅三医院,hunan,china
OrWE1CPIPHNP4wLgrMiy,CTR20232917,recruiting,中南大学湘雅二医院,hunan,china
OrWE1CPIPHNP4wLgrMiy,CTR20232917,recruiting,中南大学湘雅医院,hunan,china
OrWE1CPIPHNP4wLgrMiy,CTR20232917,recruiting,中国人民解放军总医院第五医学中心,beijing,china
OrWE1CPIPHNP4wLgrMiy,CTR20232917,recruiting,中国人民解放军空军军医大学第一附属医院（西京医院）,shaanxi,china
OrWE1CPIPHNP4wLgrMiy,CTR20232917,recruiting,中国医科大学附属盛京医院,liaoning,china
OrWE1CPIPHNP4wLgrMiy,CTR20232917,recruiting,中国科学技术大学附属第一医院（安徽省立医院）,anhui,china
OrWE1CPIPHNP4wLgrMiy,CTR20232917,recruiting,中山大学肿瘤防治中心,guangdong,china
OrWE1CPIPHNP4wLgrMiy,CTR20232917,recruiting,北京大学人民医院,beijing,china
OrWE1CPIPHNP4wLgrMiy,CTR20232917,recruiting,华中科技大学同济医学院,hubei,china
OrWE1CPIPHNP4wLgrMiy,CTR20232917,recruiting,华中科技大学同济医学院附属同济医院,hubei,china
OrWE1CPIPHNP4wLgrMiy,CTR20232917,recruiting,南京鼓楼医院（南京大学医学院附属鼓楼医院）,jiangsu,china
OrWE1CPIPHNP4wLgrMiy,CTR20232917,recruiting,南方医科大学南方医院,guangdong,china
OrWE1CPIPHNP4wLgrMiy,CTR20232917,recruiting,南昌大学第一附属医院,jiangxi,china
OrWE1CPIPHNP4wLgrMiy,CTR20232917,recruiting,吉林大学第一医院,jilin,china
OrWE1CPIPHNP4wLgrMiy,CTR20232917,recruiting,天津医科大学肿瘤医院（天津市肿瘤医院）,tianjin,china
OrWE1CPIPHNP4wLgrMiy,CTR20232917,recruiting,山东大学齐鲁医院,shandong,china
OrWE1CPIPHNP4wLgrMiy,CTR20232917,recruiting,山东第一医科大学附属省立医院（山东省立医院）,shandong,china
OrWE1CPIPHNP4wLgrMiy,CTR20232917,recruiting,广东省人民医院,guangdong,china
OrWE1CPIPHNP4wLgrMiy,CTR20232917,recruiting,徐州医科大学附属医院,jiangsu,china
OrWE1CPIPHNP4wLgrMiy,CTR20232917,recruiting,江苏省人民医院,jiangsu,china
OrWE1CPIPHNP4wLgrMiy,CTR20232917,recruiting,河南省肿瘤医院,henan,china
OrWE1CPIPHNP4wLgrMiy,CTR20232917,recruiting,浙江大学医学院附属第一医院,zhejiang,china
OrWE1CPIPHNP4wLgrMiy,CTR20232917,recruiting,深圳市第二人民医院,guangdong,china
OrWE1CPIPHNP4wLgrMiy,CTR20232917,recruiting,温州医科大学附属第一医院,zhejiang,china
OrWE1CPIPHNP4wLgrMiy,CTR20232917,recruiting,福建医科大学附属协和医院,fujian,china
OrWE1CPIPHNP4wLgrMiy,CTR20232917,recruiting,苏州大学附属第一医院,jiangsu,china
OrWE1CPIPHNP4wLgrMiy,CTR20232917,recruiting,重庆医科大学附属第一医院,chongqing,china
OrWE1CPIPHNP4wLgrMiy,CTR20232917,recruiting,青岛市市立医院（青岛市北九水疗养院）,shandong,china
OrWE1CPIPHNP4wLgrMiy,CTR20232917,recruiting,首都医科大学附属北京朝阳医院,beijing,china
3gVKQcXjhXC3mlC5sXKM,CTR20232951,recruiting,上海交通大学医学院附属仁济医院,shanghai,china
3gVKQcXjhXC3mlC5sXKM,CTR20232951,recruiting,中国医科大学附属盛京医院,liaoning,china
3gVKQcXjhXC3mlC5sXKM,CTR20232951,recruiting,北京高博医院,beijing,china
3gVKQcXjhXC3mlC5sXKM,CTR20232951,recruiting,华中科技大学同济医学院附属同济医院,hubei,china
3gVKQcXjhXC3mlC5sXKM,CTR20232951,recruiting,山东第一医科大学附属肿瘤医院,shandong,china
3gVKQcXjhXC3mlC5sXKM,CTR20232951,recruiting,浙江大学医学院附属第一医院,zhejiang,china
3gVKQcXjhXC3mlC5sXKM,CTR20232951,recruiting,海军军医大学第二附属医院（上海长征医院）,shanghai,china
3gVKQcXjhXC3mlC5sXKM,CTR20232951,recruiting,温州医科大学附属第一医院,zhejiang,china
3gVKQcXjhXC3mlC5sXKM,CTR20232951,recruiting,西安交通大学医学院第二附属医院,shaanxi,china
3gVKQcXjhXC3mlC5sXKM,CTR20232951,recruiting,首都医科大学附属北京朝阳医院,beijing,china
eomewhvFJMWqL9JHVa8B,CTR20232974,recruiting,上海市第四人民医院,shanghai,china
eomewhvFJMWqL9JHVa8B,CTR20232974,recruiting,中国医科大学附属盛京医院,liaoning,china
eomewhvFJMWqL9JHVa8B,CTR20232974,recruiting,中山大学肿瘤防治中心,guangdong,china
eomewhvFJMWqL9JHVa8B,CTR20232974,recruiting,北京大学人民医院,beijing,china
eomewhvFJMWqL9JHVa8B,CTR20232974,recruiting,华中科技大学同济医学院附属协和医院,hubei,china
eomewhvFJMWqL9JHVa8B,CTR20232974,recruiting,厦门大学附属第一医院,fujian,china
eomewhvFJMWqL9JHVa8B,CTR20232974,recruiting,吉林大学第一医院,jilin,china
eomewhvFJMWqL9JHVa8B,CTR20232974,recruiting,宁波大学附属第一医院,zhejiang,china
eomewhvFJMWqL9JHVa8B,CTR20232974,recruiting,山西白求恩医院,shanxi,china
eomewhvFJMWqL9JHVa8B,CTR20232974,recruiting,河南省肿瘤医院,henan,china
eomewhvFJMWqL9JHVa8B,CTR20232974,recruiting,河南科技大学第一附属医院,henan,china
eomewhvFJMWqL9JHVa8B,CTR20232974,recruiting,浙江大学医学院附属第一医院,zhejiang,china
eomewhvFJMWqL9JHVa8B,CTR20232974,recruiting,海南医学院第二附属医院,hainan,china
eomewhvFJMWqL9JHVa8B,CTR20232974,recruiting,深圳市第二人民医院,guangdong,china
eomewhvFJMWqL9JHVa8B,CTR20232974,recruiting,温州医科大学附属第一医院,zhejiang,china
eomewhvFJMWqL9JHVa8B,CTR20232974,recruiting,皖南医学院第一附属医院,anhui,china
eomewhvFJMWqL9JHVa8B,CTR20232974,recruiting,苏州大学附属第一医院,jiangsu,china
eomewhvFJMWqL9JHVa8B,CTR20232974,recruiting,西安交通大学医学院第二附属医院,shaanxi,china
eomewhvFJMWqL9JHVa8B,CTR20232974,recruiting,贵州医科大学附属医院,guizhou,china
eomewhvFJMWqL9JHVa8B,CTR20232974,recruiting,郑州大学第一附属医院,henan,china
eomewhvFJMWqL9JHVa8B,CTR20232974,recruiting,青岛市市立医院,shandong,china
7G70yqyZIYf3RtlaZt8F,CTR20233309,recruiting,中南大学湘雅二医院,hunan,china
7G70yqyZIYf3RtlaZt8F,CTR20233309,recruiting,中国医学科学院北京协和医院,beijing,china
7G70yqyZIYf3RtlaZt8F,CTR20233309,recruiting,中国医学科学院血液病医院,tianjin,china
7G70yqyZIYf3RtlaZt8F,CTR20233309,recruiting,中国医科大学附属第一医院,liaoning,china
7G70yqyZIYf3RtlaZt8F,CTR20233309,recruiting,北京大学第一医院,beijing,china
7G70yqyZIYf3RtlaZt8F,CTR20233309,recruiting,华中科技大学同济医学院附属协和医院,hubei,china
7G70yqyZIYf3RtlaZt8F,CTR20233309,recruiting,南昌大学附属第一医院,jiangxi,china
7G70yqyZIYf3RtlaZt8F,CTR20233309,recruiting,山西省肿瘤医院,shanxi,china
7G70yqyZIYf3RtlaZt8F,CTR20233309,recruiting,河南省肿瘤医院,henan,china
7G70yqyZIYf3RtlaZt8F,CTR20233309,recruiting,青岛大学附属医院,shandong,china
PsMcnWBthaE66z1cxzow,CTR20233717,recruiting,中国医科大学附属盛京医院,liaoning,china
PsMcnWBthaE66z1cxzow,CTR20233717,recruiting,中山大学肿瘤防治中心,guangdong,china
PsMcnWBthaE66z1cxzow,CTR20233717,recruiting,北京大学第三医院,beijing,china
PsMcnWBthaE66z1cxzow,CTR20233717,recruiting,北京大学肿瘤医院,beijing,china
PsMcnWBthaE66z1cxzow,CTR20233717,recruiting,华中科技大学同济医学院附属协和医院,hubei,china
PsMcnWBthaE66z1cxzow,CTR20233717,recruiting,厦门大学附属第一医院,fujian,china
PsMcnWBthaE66z1cxzow,CTR20233717,recruiting,复旦大学附属肿瘤医院,shanghai,china
PsMcnWBthaE66z1cxzow,CTR20233717,recruiting,天津市肿瘤医院,tianjin,china
PsMcnWBthaE66z1cxzow,CTR20233717,recruiting,山西省肿瘤医院,shanxi,china
PsMcnWBthaE66z1cxzow,CTR20233717,recruiting,江西省肿瘤医院,jiangxi,china
PsMcnWBthaE66z1cxzow,CTR20233717,recruiting,河南省肿瘤医院,henan,china
PsMcnWBthaE66z1cxzow,CTR20233717,recruiting,浙江大学医学院附属第一医院,zhejiang,china
PsMcnWBthaE66z1cxzow,CTR20233717,recruiting,湖南省肿瘤医院,hunan,china
oCHfTljNBCrviQxMSxi5,CTR20233843,recruiting,上海市同济医院,shanghai,china
oCHfTljNBCrviQxMSxi5,CTR20233843,recruiting,中国医学科学院血液病医院,tianjin,china
oCHfTljNBCrviQxMSxi5,CTR20233843,recruiting,中国医科大学附属盛京医院,liaoning,china
oCHfTljNBCrviQxMSxi5,CTR20233843,recruiting,北京大学第三医院,beijing,china
oCHfTljNBCrviQxMSxi5,CTR20233843,recruiting,华中科技大学同济医学院附属同济医院,hubei,china
oCHfTljNBCrviQxMSxi5,CTR20233843,recruiting,南昌大学第二附属医院,jiangxi,china
oCHfTljNBCrviQxMSxi5,CTR20233843,recruiting,天津医科大学肿瘤医院,tianjin,china
oCHfTljNBCrviQxMSxi5,CTR20233843,recruiting,安徽省肿瘤医院,anhui,china
oCHfTljNBCrviQxMSxi5,CTR20233843,recruiting,山东第一医科大学附属肿瘤医院,shandong,china
oCHfTljNBCrviQxMSxi5,CTR20233843,recruiting,山西医科大学第二医院,shanxi,china
oCHfTljNBCrviQxMSxi5,CTR20233843,recruiting,徐州医科大学附属医院,jiangsu,china
oCHfTljNBCrviQxMSxi5,CTR20233843,recruiting,河北医科大学第三医院,hebei,china
oCHfTljNBCrviQxMSxi5,CTR20233843,recruiting,河南省肿瘤医院,henan,china
oCHfTljNBCrviQxMSxi5,CTR20233843,recruiting,浙江大学医学院附属第一医院,zhejiang,china
oCHfTljNBCrviQxMSxi5,CTR20233843,recruiting,温州医科大学附属第一医院,zhejiang,china
oCHfTljNBCrviQxMSxi5,CTR20233843,recruiting,湖南省肿瘤医院,hunan,china
6ZTANbzgdkGdO6ps0Y7p,CTR20233883,recruiting,China Medical University Hospital,taiwan,china
6ZTANbzgdkGdO6ps0Y7p,CTR20233883,recruiting,Hualien Tzu Chi Medical Center,taiwan,china
6ZTANbzgdkGdO6ps0Y7p,CTR20233883,recruiting,Kaohsiung Medical University Chung-Ho Memorial Hospital,taiwan,china
6ZTANbzgdkGdO6ps0Y7p,CTR20233883,recruiting,National Taiwan University Hospital,taiwan,china
6ZTANbzgdkGdO6ps0Y7p,CTR20233883,recruiting,Taichung Veterans General Hospital,taiwan,china
6ZTANbzgdkGdO6ps0Y7p,CTR20233883,recruiting,上海市第四人民医院,shanghai,china
6ZTANbzgdkGdO6ps0Y7p,CTR20233883,recruiting,中国医学科学院血液病医院,tianjin,china
6ZTANbzgdkGdO6ps0Y7p,CTR20233883,recruiting,中山大学肿瘤防治中心,guangdong,china
6ZTANbzgdkGdO6ps0Y7p,CTR20233883,recruiting,北京大学第三医院,beijing,china
6ZTANbzgdkGdO6ps0Y7p,CTR20233883,recruiting,华中科技大学同济医学院附属同济医院,hubei,china
6ZTANbzgdkGdO6ps0Y7p,CTR20233883,recruiting,南京大学医学院附属鼓楼医院,jiangsu,china
6ZTANbzgdkGdO6ps0Y7p,CTR20233883,recruiting,南方医科大学南方医院,guangdong,china
6ZTANbzgdkGdO6ps0Y7p,CTR20233883,recruiting,吉林大学第一医院,jilin,china
6ZTANbzgdkGdO6ps0Y7p,CTR20233883,recruiting,浙江大学医学院附属第一医院,zhejiang,china
6ZTANbzgdkGdO6ps0Y7p,CTR20233883,recruiting,温州医科大学附属第一医院,zhejiang,china
6ZTANbzgdkGdO6ps0Y7p,CTR20233883,recruiting,福建医科大学附属协和医院,fujian,china
6ZTANbzgdkGdO6ps0Y7p,CTR20233883,recruiting,苏州大学附属第一医院,jiangsu,china
QYFSrMVgqn0UFslBxT3u,CTR20240189,recruiting,中国科学技术大学附属第一医院,anhui,china
ftngi0uYzyE8iBuJFd71,CTR20240206,recruiting,中南大学湘雅医院,hunan,china
ftngi0uYzyE8iBuJFd71,CTR20240206,recruiting,中国医学科学院血液病医院（血液学研究所）,tianjin,china
ftngi0uYzyE8iBuJFd71,CTR20240206,recruiting,中山大学肿瘤医院防治中心,guangdong,china
ftngi0uYzyE8iBuJFd71,CTR20240206,recruiting,华中科技大学同济医学院附属协和医院,hubei,china
ftngi0uYzyE8iBuJFd71,CTR20240206,recruiting,南方医科大学南方医院,guangdong,china
ftngi0uYzyE8iBuJFd71,CTR20240206,recruiting,厦门大学附属第一医院,fujian,china
ftngi0uYzyE8iBuJFd71,CTR20240206,recruiting,吉林大学第一医院,jilin,china
ftngi0uYzyE8iBuJFd71,CTR20240206,recruiting,山东省肿瘤医院,shandong,china
ftngi0uYzyE8iBuJFd71,CTR20240206,recruiting,浙江大学医学院第一附属医院,zhejiang,china
ftngi0uYzyE8iBuJFd71,CTR20240206,recruiting,湖南省肿瘤医院,hunan,china
ftngi0uYzyE8iBuJFd71,CTR20240206,recruiting,首都医科大学附属北京朝阳医院,beijing,china
uegwy8tTX2TQMZqvMGAI,CTR20241042,recruiting,中山大学肿瘤防治中心,guangdong,china
uegwy8tTX2TQMZqvMGAI,CTR20241042,recruiting,华中科技大学同济医学院附属协和医院,hubei,china
uegwy8tTX2TQMZqvMGAI,CTR20241042,recruiting,天津市肿瘤医院,tianjin,china
uegwy8tTX2TQMZqvMGAI,CTR20241042,recruiting,天津市肿瘤医院空港医院,tianjin,china
uegwy8tTX2TQMZqvMGAI,CTR20241042,recruiting,山西省肿瘤医院,shanxi,china
uegwy8tTX2TQMZqvMGAI,CTR20241042,recruiting,广州市第一人民医院,guangdong,china
uegwy8tTX2TQMZqvMGAI,CTR20241042,recruiting,河南省肿瘤医院,henan,china
uegwy8tTX2TQMZqvMGAI,CTR20241042,recruiting,河南科技大学第一附属医院,henan,china
uegwy8tTX2TQMZqvMGAI,CTR20241042,recruiting,浙江大学医学院附属第二医院,zhejiang,china
uegwy8tTX2TQMZqvMGAI,CTR20241042,recruiting,苏州大学附属第一医院,jiangsu,china
uegwy8tTX2TQMZqvMGAI,CTR20241042,recruiting,西安交通大学第二附属医院,shaanxi,china
uegwy8tTX2TQMZqvMGAI,CTR20241042,recruiting,首都医科大学附属北京朝阳医院,beijing,china
TgLFI9j8igoXpYpnhMbC,CTR20241093,recruiting,中国人民解放军空军军医大学第二附属医院,shaanxi,china
TgLFI9j8igoXpYpnhMbC,CTR20241093,recruiting,浙江大学医学院附属第一医院,zhejiang,china
CqeMXglzVLEMk6C0iZKn,CTR20241210,recruiting,中南大学湘雅医院,hunan,china
CqeMXglzVLEMk6C0iZKn,CTR20241210,recruiting,中国医学科学院血液病医院,tianjin,china
CqeMXglzVLEMk6C0iZKn,CTR20241210,recruiting,中国医科大学附属盛京医院,liaoning,china
CqeMXglzVLEMk6C0iZKn,CTR20241210,recruiting,华中科技大学同济医学院附属协和医院,hubei,china
CqeMXglzVLEMk6C0iZKn,CTR20241210,recruiting,南方医科大学南方医院,guangdong,china
CqeMXglzVLEMk6C0iZKn,CTR20241210,recruiting,天津市人民医院,tianjin,china
CqeMXglzVLEMk6C0iZKn,CTR20241210,recruiting,安徽省立医院,anhui,china
CqeMXglzVLEMk6C0iZKn,CTR20241210,recruiting,山东大学齐鲁医院,shandong,china
CqeMXglzVLEMk6C0iZKn,CTR20241210,recruiting,江苏省人民医院,jiangsu,china
CqeMXglzVLEMk6C0iZKn,CTR20241210,recruiting,河南省肿瘤医院,henan,china
CqeMXglzVLEMk6C0iZKn,CTR20241210,recruiting,浙江大学医学院附属第一医院,zhejiang,china
CqeMXglzVLEMk6C0iZKn,CTR20241210,recruiting,苏州大学第一附属医院,jiangsu,china
CqeMXglzVLEMk6C0iZKn,CTR20241210,recruiting,重庆医科大学附属第一医院,chongqing,china
AtK1RE05kjDh72aU3jaN,CTR20241358,recruiting,中国医学科学院血液病医院（中国医学科学院血液学研究所）,tianjin,china
AtK1RE05kjDh72aU3jaN,CTR20241358,recruiting,中山大学附属肿瘤医院,guangdong,china
AtK1RE05kjDh72aU3jaN,CTR20241358,recruiting,南京鼓楼医院,jiangsu,china
AtK1RE05kjDh72aU3jaN,CTR20241358,recruiting,河南省肿瘤医院,henan,china
AtK1RE05kjDh72aU3jaN,CTR20241358,recruiting,浙江大学医学院附属第一医院,zhejiang,china
AtK1RE05kjDh72aU3jaN,CTR20241358,recruiting,福建医科大学附属第一医院,fujian,china
AtK1RE05kjDh72aU3jaN,CTR20241358,recruiting,首都医科大学附属北京朝阳医院,beijing,china
HbsgxfsdffPwxgQKYlaA,CTR20241434,recruiting,上海交通大学医学院附属仁济医院,shanghai,china
HbsgxfsdffPwxgQKYlaA,CTR20241434,recruiting,上海交通大学医学院附属瑞金医院,shanghai,china
HbsgxfsdffPwxgQKYlaA,CTR20241434,recruiting,上海市第四人民医院,shanghai,china
HbsgxfsdffPwxgQKYlaA,CTR20241434,recruiting,东南大学附属中大医院,jiangsu,china
HbsgxfsdffPwxgQKYlaA,CTR20241434,recruiting,中南大学湘雅二医院,hunan,china
HbsgxfsdffPwxgQKYlaA,CTR20241434,recruiting,中国医学科学院北京协和医院,beijing,china
HbsgxfsdffPwxgQKYlaA,CTR20241434,recruiting,中国医学科学院血液病医院（中国医学科学院血液学研究所）,tianjin,china
HbsgxfsdffPwxgQKYlaA,CTR20241434,recruiting,中国医科大学附属盛京医院,liaoning,china
HbsgxfsdffPwxgQKYlaA,CTR20241434,recruiting,中山大学附属肿瘤医院,guangdong,china
HbsgxfsdffPwxgQKYlaA,CTR20241434,recruiting,北京同仁医院,beijing,china
HbsgxfsdffPwxgQKYlaA,CTR20241434,recruiting,北京大学深圳医院,guangdong,china
HbsgxfsdffPwxgQKYlaA,CTR20241434,recruiting,北京大学第一医院,beijing,china
HbsgxfsdffPwxgQKYlaA,CTR20241434,recruiting,华中科技大学同济医学院附属同济医院,hubei,china
HbsgxfsdffPwxgQKYlaA,CTR20241434,recruiting,南京医科大学常州市第二人民医院,jiangsu,china
HbsgxfsdffPwxgQKYlaA,CTR20241434,recruiting,南京大学医学院附属鼓楼医院,jiangsu,china
HbsgxfsdffPwxgQKYlaA,CTR20241434,recruiting,南方医科大学南方医院,guangdong,china
HbsgxfsdffPwxgQKYlaA,CTR20241434,recruiting,南昌大学第一附属医院,jiangxi,china
HbsgxfsdffPwxgQKYlaA,CTR20241434,recruiting,厦门大学附属第一医院,fujian,china
HbsgxfsdffPwxgQKYlaA,CTR20241434,recruiting,吉林大学第一医院,jilin,china
HbsgxfsdffPwxgQKYlaA,CTR20241434,recruiting,哈尔滨医科大学附属肿瘤医院,heilongjiang,china
HbsgxfsdffPwxgQKYlaA,CTR20241434,recruiting,四川省人民医院,sichuan,china
HbsgxfsdffPwxgQKYlaA,CTR20241434,recruiting,天津市肿瘤医院,tianjin,china
HbsgxfsdffPwxgQKYlaA,CTR20241434,recruiting,山东大学齐鲁医院,shandong,china
HbsgxfsdffPwxgQKYlaA,CTR20241434,recruiting,广西医科大学附属第一医院,guangxi,china
HbsgxfsdffPwxgQKYlaA,CTR20241434,recruiting,河南省肿瘤医院,henan,china
HbsgxfsdffPwxgQKYlaA,CTR20241434,recruiting,浙江医科大学附属第二医院,zhejiang,china
HbsgxfsdffPwxgQKYlaA,CTR20241434,recruiting,浙江大学医学院附属第一医院,zhejiang,china
HbsgxfsdffPwxgQKYlaA,CTR20241434,recruiting,温州医科大学附属第一医院,zhejiang,china
HbsgxfsdffPwxgQKYlaA,CTR20241434,recruiting,福建医科大学附属协和医院,fujian,china
HbsgxfsdffPwxgQKYlaA,CTR20241434,recruiting,西安交通大学附属第二医院,shaanxi,china
HbsgxfsdffPwxgQKYlaA,CTR20241434,recruiting,重庆大学附属肿瘤医院,chongqing,china
HbsgxfsdffPwxgQKYlaA,CTR20241434,recruiting,首都医科大学附属北京朝阳医院,beijing,china
HXU42BOgWpGosvrdea6n,CTR20241570,recruiting,中山大学孙逸仙,guangdong,china
HXU42BOgWpGosvrdea6n,CTR20241570,recruiting,中山大学肿瘤防治中心,guangdong,china
HXU42BOgWpGosvrdea6n,CTR20241570,recruiting,南方医科大学顺德医院,guangdong,china
HXU42BOgWpGosvrdea6n,CTR20241570,recruiting,哈尔滨医科大学附属肿瘤医院,heilongjiang,china
HXU42BOgWpGosvrdea6n,CTR20241570,recruiting,大连大学附属中山医院,liaoning,china
HXU42BOgWpGosvrdea6n,CTR20241570,recruiting,山东省肿瘤医院,shandong,china
HXU42BOgWpGosvrdea6n,CTR20241570,recruiting,山西省肿瘤医院,shanxi,china
HXU42BOgWpGosvrdea6n,CTR20241570,recruiting,广西医科大学附属肿瘤医院,guangxi,china
HXU42BOgWpGosvrdea6n,CTR20241570,recruiting,昆明医科大学第二附属医院,yunnan,china
HXU42BOgWpGosvrdea6n,CTR20241570,recruiting,河南省肿瘤医院,henan,china
HXU42BOgWpGosvrdea6n,CTR20241570,recruiting,浙江大学医学院附属第一医院,zhejiang,china
HXU42BOgWpGosvrdea6n,CTR20241570,recruiting,首都医科大学附属北京朝阳医院,beijing,china
HXU42BOgWpGosvrdea6n,CTR20241570,recruiting,首都医科大学附属北京积水潭医院,beijing,china
1m2aYcOw5e9kAsDUwGFt,CTR20241633,recruiting,中山大学肿瘤防治中心,guangdong,china
1m2aYcOw5e9kAsDUwGFt,CTR20241633,recruiting,北京大学人民医院,beijing,china
1m2aYcOw5e9kAsDUwGFt,CTR20241633,recruiting,华北理工大学附属医院,hebei,china
1m2aYcOw5e9kAsDUwGFt,CTR20241633,recruiting,四川大学华西医院,sichuan,china
1m2aYcOw5e9kAsDUwGFt,CTR20241633,recruiting,宜宾市第二人民医院,sichuan,china
1m2aYcOw5e9kAsDUwGFt,CTR20241633,recruiting,宜昌市中心人民医院,hubei,china
1m2aYcOw5e9kAsDUwGFt,CTR20241633,recruiting,承德医学院附属医院,hebei,china
1m2aYcOw5e9kAsDUwGFt,CTR20241633,recruiting,梅州市人民医院,guangdong,china
1m2aYcOw5e9kAsDUwGFt,CTR20241633,recruiting,河南省肿瘤医院,henan,china
1m2aYcOw5e9kAsDUwGFt,CTR20241633,recruiting,浙江大学医学院附属第一医院,zhejiang,china
1m2aYcOw5e9kAsDUwGFt,CTR20241633,recruiting,滨州医学院附属医院,shandong,china
E4J6dq0oeh4Gb7PgT78G,CTR20241656,recruiting,上海交通大学医学院附属瑞金医院,shanghai,china
E4J6dq0oeh4Gb7PgT78G,CTR20241656,recruiting,中国人民解放军陆军军医大学第二附属医院,chongqing,china
E4J6dq0oeh4Gb7PgT78G,CTR20241656,recruiting,中国医学科学院北京协和医院,beijing,china
E4J6dq0oeh4Gb7PgT78G,CTR20241656,recruiting,中国医学科学院血液病医院,tianjin,china
E4J6dq0oeh4Gb7PgT78G,CTR20241656,recruiting,中山大学肿瘤防治中心,guangdong,china
E4J6dq0oeh4Gb7PgT78G,CTR20241656,recruiting,北京大学人民医院,beijing,china
E4J6dq0oeh4Gb7PgT78G,CTR20241656,recruiting,北京大学第一医院,beijing,china
E4J6dq0oeh4Gb7PgT78G,CTR20241656,recruiting,北京大学第三医院,beijing,china
E4J6dq0oeh4Gb7PgT78G,CTR20241656,recruiting,北京高博博仁医院,beijing,china
E4J6dq0oeh4Gb7PgT78G,CTR20241656,recruiting,华中科技大学同济医学院附属协和医院,hubei,china
E4J6dq0oeh4Gb7PgT78G,CTR20241656,recruiting,华中科技大学同济医学院附属同济医院,hubei,china
E4J6dq0oeh4Gb7PgT78G,CTR20241656,recruiting,南京鼓楼医院,jiangsu,china
E4J6dq0oeh4Gb7PgT78G,CTR20241656,recruiting,南方医科大学南方医院,guangdong,china
E4J6dq0oeh4Gb7PgT78G,CTR20241656,recruiting,南方医科大学珠江医院,guangdong,china
E4J6dq0oeh4Gb7PgT78G,CTR20241656,recruiting,南昌大学第一附属医院,jiangxi,china
E4J6dq0oeh4Gb7PgT78G,CTR20241656,recruiting,吉林大学第一医院,jilin,china
E4J6dq0oeh4Gb7PgT78G,CTR20241656,recruiting,四川大学华西医院,sichuan,china
E4J6dq0oeh4Gb7PgT78G,CTR20241656,recruiting,天津医科大学总医院,tianjin,china
E4J6dq0oeh4Gb7PgT78G,CTR20241656,recruiting,宁波大学附属人民医院,zhejiang,china
E4J6dq0oeh4Gb7PgT78G,CTR20241656,recruiting,山东大学齐鲁医院,shandong,china
E4J6dq0oeh4Gb7PgT78G,CTR20241656,recruiting,江苏省人民医院,jiangsu,china
E4J6dq0oeh4Gb7PgT78G,CTR20241656,recruiting,河南省肿瘤医院,henan,china
E4J6dq0oeh4Gb7PgT78G,CTR20241656,recruiting,浙江大学医学院附属第一医院,zhejiang,china
E4J6dq0oeh4Gb7PgT78G,CTR20241656,recruiting,浙江大学医学院附属第二医院,zhejiang,china
E4J6dq0oeh4Gb7PgT78G,CTR20241656,recruiting,温州医科大学附属第一医院,zhejiang,china
E4J6dq0oeh4Gb7PgT78G,CTR20241656,recruiting,苏州大学附属第一医院,jiangsu,china
E4J6dq0oeh4Gb7PgT78G,CTR20241656,recruiting,首都医科大学附属北京朝阳医院,beijing,china
E4J6dq0oeh4Gb7PgT78G,CTR20241656,recruiting,首都医科大学附属复兴医院,beijing,china
SydJOscCWBx0RsdGER4s,CTR20241689,recruiting,中南大学湘雅三医院,hunan,china
SydJOscCWBx0RsdGER4s,CTR20241689,recruiting,中国医科大学附属盛京医院（中国医科大学附属第二医院）,liaoning,china
SydJOscCWBx0RsdGER4s,CTR20241689,recruiting,中山大学肿瘤防治中心,guangdong,china
SydJOscCWBx0RsdGER4s,CTR20241689,recruiting,北京大学人民医院,beijing,china
R7nlhEAoiBG4mC2uD8bf,CTR20242335,recruiting,上海交通大学医学院附属仁济医院,shanghai,china
R7nlhEAoiBG4mC2uD8bf,CTR20242335,recruiting,中国医学科学院血液病医院,tianjin,china
R7nlhEAoiBG4mC2uD8bf,CTR20242335,recruiting,中国医科大学附属盛京医院,liaoning,china
R7nlhEAoiBG4mC2uD8bf,CTR20242335,recruiting,中国科学技术大学附属第一医院(安徽省立医院),anhui,china
R7nlhEAoiBG4mC2uD8bf,CTR20242335,recruiting,中山大学附属肿瘤医院,guangdong,china
R7nlhEAoiBG4mC2uD8bf,CTR20242335,recruiting,北京大学第三医院,beijing,china
R7nlhEAoiBG4mC2uD8bf,CTR20242335,recruiting,华中科技大学同济医学院附属协和医院,hubei,china
R7nlhEAoiBG4mC2uD8bf,CTR20242335,recruiting,华中科技大学同济医学院附属同济医院,hubei,china
R7nlhEAoiBG4mC2uD8bf,CTR20242335,recruiting,南方医科大学南方医院,guangdong,china
R7nlhEAoiBG4mC2uD8bf,CTR20242335,recruiting,南方医科大学珠江医院,guangdong,china
R7nlhEAoiBG4mC2uD8bf,CTR20242335,recruiting,南昌大学第二附属医院,jiangxi,china
R7nlhEAoiBG4mC2uD8bf,CTR20242335,recruiting,吉林大学第一医院,jilin,china
R7nlhEAoiBG4mC2uD8bf,CTR20242335,recruiting,四川大学华西医院,sichuan,china
R7nlhEAoiBG4mC2uD8bf,CTR20242335,recruiting,天津医科大学总医院,tianjin,china
R7nlhEAoiBG4mC2uD8bf,CTR20242335,recruiting,天津市肿瘤医院,tianjin,china
R7nlhEAoiBG4mC2uD8bf,CTR20242335,recruiting,山东省肿瘤医院,shandong,china
R7nlhEAoiBG4mC2uD8bf,CTR20242335,recruiting,山西省肿瘤医院,shanxi,china
R7nlhEAoiBG4mC2uD8bf,CTR20242335,recruiting,广西医科大学第一附属医院,guangxi,china
R7nlhEAoiBG4mC2uD8bf,CTR20242335,recruiting,广西医科大学附属肿瘤医院,guangxi,china
R7nlhEAoiBG4mC2uD8bf,CTR20242335,recruiting,江西省人民医院,jiangxi,china
R7nlhEAoiBG4mC2uD8bf,CTR20242335,recruiting,河北医科大学第四医院,hebei,china
R7nlhEAoiBG4mC2uD8bf,CTR20242335,recruiting,河北大学附属医院,hebei,china
R7nlhEAoiBG4mC2uD8bf,CTR20242335,recruiting,河南省人民医院,henan,china
R7nlhEAoiBG4mC2uD8bf,CTR20242335,recruiting,河南省肿瘤医院,henan,china
R7nlhEAoiBG4mC2uD8bf,CTR20242335,recruiting,浙江大学医学院附属第一医院,zhejiang,china
R7nlhEAoiBG4mC2uD8bf,CTR20242335,recruiting,福建医科大学附属第一医院,fujian,china
R7nlhEAoiBG4mC2uD8bf,CTR20242335,recruiting,西安交通大学第一附属医院,shaanxi,china
R7nlhEAoiBG4mC2uD8bf,CTR20242335,recruiting,西安交通大学附属第二医院,shaanxi,china
tbOLsmYddPt9ti9zw2p7,CTR20242452,recruiting,Taichung Veterans General Hospital,taiwan,china
tbOLsmYddPt9ti9zw2p7,CTR20242452,recruiting,上海同济医院,shanghai,china
tbOLsmYddPt9ti9zw2p7,CTR20242452,recruiting,东南大学附属中大医院,jiangsu,china
tbOLsmYddPt9ti9zw2p7,CTR20242452,recruiting,中国医学科学院北京协和医院,beijing,china
tbOLsmYddPt9ti9zw2p7,CTR20242452,recruiting,中国医学科学院血液病医院,tianjin,china
tbOLsmYddPt9ti9zw2p7,CTR20242452,recruiting,中国医科大学附属第一医院,liaoning,china
tbOLsmYddPt9ti9zw2p7,CTR20242452,recruiting,中山大学附属肿瘤医院,guangdong,china
tbOLsmYddPt9ti9zw2p7,CTR20242452,recruiting,华中科技大学同济医学院附属协和医院,hubei,china
tbOLsmYddPt9ti9zw2p7,CTR20242452,recruiting,南昌大学第一附属医院,jiangxi,china
tbOLsmYddPt9ti9zw2p7,CTR20242452,recruiting,天津医科大学总医院,tianjin,china
tbOLsmYddPt9ti9zw2p7,CTR20242452,recruiting,河南省人民医院,henan,china
tbOLsmYddPt9ti9zw2p7,CTR20242452,recruiting,河南省肿瘤医院,henan,china
tbOLsmYddPt9ti9zw2p7,CTR20242452,recruiting,浙江大学医学院附属第一医院,zhejiang,china
tbOLsmYddPt9ti9zw2p7,CTR20242452,recruiting,浙江大学医学院附属邵逸夫医院,zhejiang,china
tbOLsmYddPt9ti9zw2p7,CTR20242452,recruiting,温州医科大学附属第一医院,zhejiang,china
tbOLsmYddPt9ti9zw2p7,CTR20242452,recruiting,福建医科大学附属协和医院,fujian,china
tbOLsmYddPt9ti9zw2p7,CTR20242452,recruiting,苏州大学附属第一医院,jiangsu,china
tbOLsmYddPt9ti9zw2p7,CTR20242452,recruiting,西安交通大学第二附属医院,shaanxi,china
tbOLsmYddPt9ti9zw2p7,CTR20242452,recruiting,首都医科大学附属北京朝阳医院,beijing,china
xz7FUULtBV4MiXMftM40,CTR20242490,recruiting,中山大学附属第一医院,guangdong,china
xz7FUULtBV4MiXMftM40,CTR20242490,recruiting,北京医院,beijing,china
xz7FUULtBV4MiXMftM40,CTR20242490,recruiting,北京大学人民医院,beijing,china
xz7FUULtBV4MiXMftM40,CTR20242490,recruiting,北京大学深圳医院,guangdong,china
xz7FUULtBV4MiXMftM40,CTR20242490,recruiting,哈尔滨市第一医院血液肿瘤研究中心,heilongjiang,china
xz7FUULtBV4MiXMftM40,CTR20242490,recruiting,广东省人民医院,guangdong,china
xz7FUULtBV4MiXMftM40,CTR20242490,recruiting,广州市第一人民医院,guangdong,china
xz7FUULtBV4MiXMftM40,CTR20242490,recruiting,暨南大学附属第一医院,guangdong,china
xz7FUULtBV4MiXMftM40,CTR20242490,recruiting,浙江大学医学院附属第一医院,zhejiang,china
xz7FUULtBV4MiXMftM40,CTR20242490,recruiting,深圳市人民医院,guangdong,china
xz7FUULtBV4MiXMftM40,CTR20242490,recruiting,温州医科大学附属第一医院,zhejiang,china
xz7FUULtBV4MiXMftM40,CTR20242490,recruiting,首都医科大学附属朝阳医院,beijing,china
FkoZ7ALh8ksc68SAWyP2,CTR20242686,recruiting,中国医学科学院血液病医院,tianjin,china
FkoZ7ALh8ksc68SAWyP2,CTR20242686,recruiting,中国医科大学附属盛京医院,liaoning,china
FkoZ7ALh8ksc68SAWyP2,CTR20242686,recruiting,中山大学肿瘤防治中心,guangdong,china
FkoZ7ALh8ksc68SAWyP2,CTR20242686,recruiting,南方医科大学珠江医院,guangdong,china
FkoZ7ALh8ksc68SAWyP2,CTR20242686,recruiting,南昌大学第一附属医院,jiangxi,china
FkoZ7ALh8ksc68SAWyP2,CTR20242686,recruiting,吉林大学第一医院,jilin,china
FkoZ7ALh8ksc68SAWyP2,CTR20242686,recruiting,四川省人民医院,sichuan,china
FkoZ7ALh8ksc68SAWyP2,CTR20242686,recruiting,天津市肿瘤医院,tianjin,china
FkoZ7ALh8ksc68SAWyP2,CTR20242686,recruiting,河北医科大学第三医院,hebei,china
FkoZ7ALh8ksc68SAWyP2,CTR20242686,recruiting,河南省肿瘤医院,henan,china
FkoZ7ALh8ksc68SAWyP2,CTR20242686,recruiting,济宁医学院附属医院,shandong,china
FkoZ7ALh8ksc68SAWyP2,CTR20242686,recruiting,温州医科大学附属第二医院,zhejiang,china
FkoZ7ALh8ksc68SAWyP2,CTR20242686,recruiting,福建医科大学附属第一医院,fujian,china
FkoZ7ALh8ksc68SAWyP2,CTR20242686,recruiting,西安交通大学第二附属医院,shaanxi,china
FkoZ7ALh8ksc68SAWyP2,CTR20242686,recruiting,重庆医科大学附属第一医院,chongqing,china
nJMVnqeybWEagWPUzAsH,CTR20242943,recruiting,中南大学湘雅医院,hunan,china
nJMVnqeybWEagWPUzAsH,CTR20242943,recruiting,中国医学科学院血液病医院,tianjin,china
nJMVnqeybWEagWPUzAsH,CTR20242943,recruiting,中国医科大学附属盛京医院,liaoning,china
nJMVnqeybWEagWPUzAsH,CTR20242943,recruiting,云南省第一人民医院,yunnan,china
nJMVnqeybWEagWPUzAsH,CTR20242943,recruiting,北京大学第三医院,beijing,china
nJMVnqeybWEagWPUzAsH,CTR20242943,recruiting,南昌大学第一附属医院,jiangxi,china
nJMVnqeybWEagWPUzAsH,CTR20242943,recruiting,南阳市中心医院,henan,china
nJMVnqeybWEagWPUzAsH,CTR20242943,recruiting,厦门大学附属第一医院,fujian,china
nJMVnqeybWEagWPUzAsH,CTR20242943,recruiting,哈尔滨医科大学附属肿瘤医院,heilongjiang,china
nJMVnqeybWEagWPUzAsH,CTR20242943,recruiting,四川大学华西医院,sichuan,china
nJMVnqeybWEagWPUzAsH,CTR20242943,recruiting,天津市肿瘤医院,tianjin,china
nJMVnqeybWEagWPUzAsH,CTR20242943,recruiting,安徽省肿瘤医院,anhui,china
nJMVnqeybWEagWPUzAsH,CTR20242943,recruiting,山东大学齐鲁医院,shandong,china
nJMVnqeybWEagWPUzAsH,CTR20242943,recruiting,山东省肿瘤医院,shandong,china
nJMVnqeybWEagWPUzAsH,CTR20242943,recruiting,山西省肿瘤医院,shanxi,china
nJMVnqeybWEagWPUzAsH,CTR20242943,recruiting,广东省人民医院,guangdong,china
nJMVnqeybWEagWPUzAsH,CTR20242943,recruiting,成都市第三人民医院,sichuan,china
nJMVnqeybWEagWPUzAsH,CTR20242943,recruiting,江苏省人民医院,jiangsu,china
nJMVnqeybWEagWPUzAsH,CTR20242943,recruiting,河北大学附属医院,hebei,china
nJMVnqeybWEagWPUzAsH,CTR20242943,recruiting,河南省肿瘤医院,henan,china
nJMVnqeybWEagWPUzAsH,CTR20242943,recruiting,浙江大学医学院附属第一医院,zhejiang,china
nJMVnqeybWEagWPUzAsH,CTR20242943,recruiting,湖北省肿瘤医院,hubei,china
nJMVnqeybWEagWPUzAsH,CTR20242943,recruiting,福建省肿瘤医院,fujian,china
nJMVnqeybWEagWPUzAsH,CTR20242943,recruiting,绵阳市中心医院,sichuan,china
nJMVnqeybWEagWPUzAsH,CTR20242943,recruiting,郑州大学第一附属医院,henan,china
nJMVnqeybWEagWPUzAsH,CTR20242943,recruiting,重庆医科大学附属第二医院,chongqing,china
SFDWamzz4S8kelQ91GVC,CTR20243384,recruiting,中南大学湘雅医院,hunan,china
SFDWamzz4S8kelQ91GVC,CTR20243384,recruiting,华中科技大学同济医学院附属同济医院,hubei,china
SFDWamzz4S8kelQ91GVC,CTR20243384,recruiting,南方医科大学南方医院,guangdong,china
SFDWamzz4S8kelQ91GVC,CTR20243384,recruiting,南昌大学第一附属医院,jiangxi,china
SFDWamzz4S8kelQ91GVC,CTR20243384,recruiting,哈尔滨医科大学附属肿瘤医院,heilongjiang,china
SFDWamzz4S8kelQ91GVC,CTR20243384,recruiting,复旦大学附属中山医院,shanghai,china
SFDWamzz4S8kelQ91GVC,CTR20243384,recruiting,天津医科大学总医院,tianjin,china
SFDWamzz4S8kelQ91GVC,CTR20243384,recruiting,天津市肿瘤医院,tianjin,china
SFDWamzz4S8kelQ91GVC,CTR20243384,recruiting,安徽医科大学第二附属医院,anhui,china
SFDWamzz4S8kelQ91GVC,CTR20243384,recruiting,广西医科大学第一附属医院,guangxi,china
SFDWamzz4S8kelQ91GVC,CTR20243384,recruiting,徐州医科大学附属医院,jiangsu,china
SFDWamzz4S8kelQ91GVC,CTR20243384,recruiting,暨南大学附属第一医院,guangdong,china
SFDWamzz4S8kelQ91GVC,CTR20243384,recruiting,江苏省人民医院,jiangsu,china
SFDWamzz4S8kelQ91GVC,CTR20243384,recruiting,河南省肿瘤医院,henan,china
SFDWamzz4S8kelQ91GVC,CTR20243384,recruiting,济宁医学院附属医院,shandong,china
SFDWamzz4S8kelQ91GVC,CTR20243384,recruiting,浙江大学医学院附属第一医院,zhejiang,china
SFDWamzz4S8kelQ91GVC,CTR20243384,recruiting,浙江大学医学院附属第二医院,zhejiang,china
SFDWamzz4S8kelQ91GVC,CTR20243384,recruiting,浙江大学医学院附属邵逸夫医院,zhejiang,china
SFDWamzz4S8kelQ91GVC,CTR20243384,recruiting,福建医科大学附属第一医院,fujian,china
SFDWamzz4S8kelQ91GVC,CTR20243384,recruiting,苏州大学附属第一医院,jiangsu,china
SFDWamzz4S8kelQ91GVC,CTR20243384,recruiting,西安交通大学第一附属医院,shaanxi,china
SFDWamzz4S8kelQ91GVC,CTR20243384,recruiting,郑州大学第一附属医院,henan,china
SFDWamzz4S8kelQ91GVC,CTR20243384,recruiting,首都医科大学附属北京朝阳医院,beijing,china
FGr2P4JVsqt6Vcka0jvg,CTR20243438,recruiting,中山大学肿瘤防治中心,guangdong,china
FGr2P4JVsqt6Vcka0jvg,CTR20243438,recruiting,华中科技大学同济医学院附属协和医院,hubei,china
FGr2P4JVsqt6Vcka0jvg,CTR20243438,recruiting,浙江大学医学院附属第一医院,zhejiang,china
ZJrScw3tnHHUOk5jOgEB,CTR20244043,recruiting,中国人民解放军空军军医大学第一附属医院,shaanxi,china
ZJrScw3tnHHUOk5jOgEB,CTR20244043,recruiting,中山大学肿瘤防治中心,guangdong,china
ZJrScw3tnHHUOk5jOgEB,CTR20244043,recruiting,北京朝阳医院,beijing,china
ZJrScw3tnHHUOk5jOgEB,CTR20244043,recruiting,四川大学华西医院,sichuan,china
ZJrScw3tnHHUOk5jOgEB,CTR20244043,recruiting,复旦大学附属中山医院,shanghai,china
ZJrScw3tnHHUOk5jOgEB,CTR20244043,recruiting,天津市肿瘤医院,tianjin,china
ZJrScw3tnHHUOk5jOgEB,CTR20244043,recruiting,安徽省立医院,anhui,china
ZJrScw3tnHHUOk5jOgEB,CTR20244043,recruiting,柳州市工人医院,guangxi,china
ZJrScw3tnHHUOk5jOgEB,CTR20244043,recruiting,江苏省人民医院,jiangsu,china
ZJrScw3tnHHUOk5jOgEB,CTR20244043,recruiting,绵阳市中心医院,sichuan,china
ZJrScw3tnHHUOk5jOgEB,CTR20244043,recruiting,西南医科大学附属医院,sichuan,china
ZJrScw3tnHHUOk5jOgEB,CTR20244043,recruiting,青岛大学附属医院,shandong,china
hWxz9CUs0PtHgSwqBFNp,CTR20244775,recruiting,上海市第四人民医院,shanghai,china
hWxz9CUs0PtHgSwqBFNp,CTR20244775,recruiting,上饶市人民医院,jiangxi,china
hWxz9CUs0PtHgSwqBFNp,CTR20244775,recruiting,东阳市人民医院,zhejiang,china
hWxz9CUs0PtHgSwqBFNp,CTR20244775,recruiting,中南大学湘雅医院,hunan,china
hWxz9CUs0PtHgSwqBFNp,CTR20244775,recruiting,中国医学科学院血液病医院,tianjin,china
hWxz9CUs0PtHgSwqBFNp,CTR20244775,recruiting,中国医科大学附属盛京医院,liaoning,china
hWxz9CUs0PtHgSwqBFNp,CTR20244775,recruiting,中山大学孙逸仙纪念医院,guangdong,china
hWxz9CUs0PtHgSwqBFNp,CTR20244775,recruiting,中山大学肿瘤防治中心,guangdong,china
hWxz9CUs0PtHgSwqBFNp,CTR20244775,recruiting,义乌市中心医院,zhejiang,china
hWxz9CUs0PtHgSwqBFNp,CTR20244775,recruiting,云南省肿瘤医院,yunnan,china
hWxz9CUs0PtHgSwqBFNp,CTR20244775,recruiting,佛山市第一人民医院,guangdong,china
hWxz9CUs0PtHgSwqBFNp,CTR20244775,recruiting,保山市人民医院,yunnan,china
hWxz9CUs0PtHgSwqBFNp,CTR20244775,recruiting,六安市人民医院,anhui,china
hWxz9CUs0PtHgSwqBFNp,CTR20244775,recruiting,北京大学第三医院,beijing,china
hWxz9CUs0PtHgSwqBFNp,CTR20244775,recruiting,南京鼓楼医院,jiangsu,china
hWxz9CUs0PtHgSwqBFNp,CTR20244775,recruiting,南华大学附属第一医院,hunan,china
hWxz9CUs0PtHgSwqBFNp,CTR20244775,recruiting,南方医科大学珠江医院,guangdong,china
hWxz9CUs0PtHgSwqBFNp,CTR20244775,recruiting,南昌大学第二附属医院,jiangxi,china
hWxz9CUs0PtHgSwqBFNp,CTR20244775,recruiting,南阳市中心医院,henan,china
hWxz9CUs0PtHgSwqBFNp,CTR20244775,recruiting,厦门大学附属第一医院,fujian,china
hWxz9CUs0PtHgSwqBFNp,CTR20244775,recruiting,吉安市中心人民医院,jiangxi,china
hWxz9CUs0PtHgSwqBFNp,CTR20244775,recruiting,哈尔滨医科大学附属第二医院,heilongjiang,china
hWxz9CUs0PtHgSwqBFNp,CTR20244775,recruiting,四川省人民医院,sichuan,china
hWxz9CUs0PtHgSwqBFNp,CTR20244775,recruiting,宁波大学附属第一医院,zhejiang,china
hWxz9CUs0PtHgSwqBFNp,CTR20244775,recruiting,安徽医科大学第一附属医院,anhui,china
hWxz9CUs0PtHgSwqBFNp,CTR20244775,recruiting,安徽医科大学第二附属医院,anhui,china
hWxz9CUs0PtHgSwqBFNp,CTR20244775,recruiting,安徽医科大学附属阜阳医院,anhui,china
hWxz9CUs0PtHgSwqBFNp,CTR20244775,recruiting,安徽省第二人民医院,anhui,china
hWxz9CUs0PtHgSwqBFNp,CTR20244775,recruiting,宜昌市中心人民医院,hubei,china
hWxz9CUs0PtHgSwqBFNp,CTR20244775,recruiting,山东大学齐鲁医院,shandong,china
hWxz9CUs0PtHgSwqBFNp,CTR20244775,recruiting,山东第一医科大学附属肿瘤医院,shandong,china
hWxz9CUs0PtHgSwqBFNp,CTR20244775,recruiting,山西医科大学第一医院,shanxi,china
hWxz9CUs0PtHgSwqBFNp,CTR20244775,recruiting,山西医科大学第二医院,shanxi,china
hWxz9CUs0PtHgSwqBFNp,CTR20244775,recruiting,山西白求恩医院,shanxi,china
hWxz9CUs0PtHgSwqBFNp,CTR20244775,recruiting,平顶山第一人民医院,henan,china
hWxz9CUs0PtHgSwqBFNp,CTR20244775,recruiting,广州中医药大学第一附属医院,guangdong,china
hWxz9CUs0PtHgSwqBFNp,CTR20244775,recruiting,广州市第一人民医院,guangdong,china
hWxz9CUs0PtHgSwqBFNp,CTR20244775,recruiting,广西医科大学第一附属医院,guangxi,china
hWxz9CUs0PtHgSwqBFNp,CTR20244775,recruiting,广西医科大学附属肿瘤医院,guangxi,china
hWxz9CUs0PtHgSwqBFNp,CTR20244775,recruiting,广西壮族自治区人民医院,guangxi,china
hWxz9CUs0PtHgSwqBFNp,CTR20244775,recruiting,恩施土家族苗族自治州中心医院,hubei,china
hWxz9CUs0PtHgSwqBFNp,CTR20244775,recruiting,新疆医科大学附属肿瘤医院,xinjiang,china
hWxz9CUs0PtHgSwqBFNp,CTR20244775,recruiting,昆明医科大学第一附属医院,yunnan,china
hWxz9CUs0PtHgSwqBFNp,CTR20244775,recruiting,柳州市人民医院,guangxi,china
hWxz9CUs0PtHgSwqBFNp,CTR20244775,recruiting,武汉大学中南医院,hubei,china
hWxz9CUs0PtHgSwqBFNp,CTR20244775,recruiting,汕头大学医学院第一附属医院,guangdong,china
hWxz9CUs0PtHgSwqBFNp,CTR20244775,recruiting,江苏省人民医院,jiangsu,china
hWxz9CUs0PtHgSwqBFNp,CTR20244775,recruiting,江西省人民医院,jiangxi,china
hWxz9CUs0PtHgSwqBFNp,CTR20244775,recruiting,江西省肿瘤医院,jiangxi,china
hWxz9CUs0PtHgSwqBFNp,CTR20244775,recruiting,河北医科大学第三医院,hebei,china
hWxz9CUs0PtHgSwqBFNp,CTR20244775,recruiting,河北医科大学第二医院,hebei,china
hWxz9CUs0PtHgSwqBFNp,CTR20244775,recruiting,河北医科大学第四医院,hebei,china
hWxz9CUs0PtHgSwqBFNp,CTR20244775,recruiting,河北大学附属医院,hebei,china
hWxz9CUs0PtHgSwqBFNp,CTR20244775,recruiting,河南省人医院,henan,china
hWxz9CUs0PtHgSwqBFNp,CTR20244775,recruiting,河南省肿瘤医院,henan,china
hWxz9CUs0PtHgSwqBFNp,CTR20244775,recruiting,泰安市中心医院,shandong,china
hWxz9CUs0PtHgSwqBFNp,CTR20244775,recruiting,济宁医学院附属医院,shandong,china
hWxz9CUs0PtHgSwqBFNp,CTR20244775,recruiting,浙江中医药大学附属第一医院,zhejiang,china
hWxz9CUs0PtHgSwqBFNp,CTR20244775,recruiting,浙江大学医学院附属第一医院,zhejiang,china
hWxz9CUs0PtHgSwqBFNp,CTR20244775,recruiting,海南医学院第二附属医院,hainan,china
hWxz9CUs0PtHgSwqBFNp,CTR20244775,recruiting,温州医科大学附属第二医院,zhejiang,china
hWxz9CUs0PtHgSwqBFNp,CTR20244775,recruiting,潍坊市人民医院,shandong,china
hWxz9CUs0PtHgSwqBFNp,CTR20244775,recruiting,烟台毓璜顶医院,shandong,china
hWxz9CUs0PtHgSwqBFNp,CTR20244775,recruiting,玉林市红十字会医院,guangxi,china
hWxz9CUs0PtHgSwqBFNp,CTR20244775,recruiting,甘肃省肿瘤医院,gansu,china
hWxz9CUs0PtHgSwqBFNp,CTR20244775,recruiting,百色市人民医院,guangxi,china
hWxz9CUs0PtHgSwqBFNp,CTR20244775,recruiting,福建医科大学附属第一医院,fujian,china
hWxz9CUs0PtHgSwqBFNp,CTR20244775,recruiting,福建医科大学附属第二医院,fujian,china
hWxz9CUs0PtHgSwqBFNp,CTR20244775,recruiting,绵阳市中心医院,sichuan,china
hWxz9CUs0PtHgSwqBFNp,CTR20244775,recruiting,蚌埠医学院第一附属医院,anhui,china
hWxz9CUs0PtHgSwqBFNp,CTR20244775,recruiting,西南医科大学附属医院,sichuan,china
hWxz9CUs0PtHgSwqBFNp,CTR20244775,recruiting,西安交通大学第一附属医院,shaanxi,china
hWxz9CUs0PtHgSwqBFNp,CTR20244775,recruiting,西安交通大学第二附属医院,shaanxi,china
hWxz9CUs0PtHgSwqBFNp,CTR20244775,recruiting,赣州市人民医院,jiangxi,china
hWxz9CUs0PtHgSwqBFNp,CTR20244775,recruiting,连云港市第一人民医院,jiangsu,china
hWxz9CUs0PtHgSwqBFNp,CTR20244775,recruiting,重庆医科大学附属第一医院,chongqing,china
hWxz9CUs0PtHgSwqBFNp,CTR20244775,recruiting,重庆大学附属三峡医院,chongqing,china
hWxz9CUs0PtHgSwqBFNp,CTR20244775,recruiting,重庆大学附属肿瘤医院,chongqing,china
hWxz9CUs0PtHgSwqBFNp,CTR20244775,recruiting,陆军军医大学第二附属医院（新桥医院）,chongqing,china
hWxz9CUs0PtHgSwqBFNp,CTR20244775,recruiting,青岛大学附属医院,shandong,china
hWxz9CUs0PtHgSwqBFNp,CTR20244775,recruiting,青岛市市立医院,shandong,china
hWxz9CUs0PtHgSwqBFNp,CTR20244775,recruiting,首都医科大学附属复兴医院,beijing,china
hWxz9CUs0PtHgSwqBFNp,CTR20244775,recruiting,马鞍山市人民医院,liaoning,china
YL1nqpHnSSEicSJP0rVk,CTR20250778,recruiting,上海市第四人民医院,shanghai,china
YL1nqpHnSSEicSJP0rVk,CTR20250778,recruiting,中南大学湘雅三医院,hunan,china
YL1nqpHnSSEicSJP0rVk,CTR20250778,recruiting,中南大学湘雅医院,hunan,china
YL1nqpHnSSEicSJP0rVk,CTR20250778,recruiting,中国医学科学院血液病医院,tianjin,china
YL1nqpHnSSEicSJP0rVk,CTR20250778,recruiting,中国医科大学附属盛京医院,liaoning,china
YL1nqpHnSSEicSJP0rVk,CTR20250778,recruiting,中国医科大学附属第一医院,liaoning,china
YL1nqpHnSSEicSJP0rVk,CTR20250778,recruiting,中山大学附属肿瘤医院,guangdong,china
YL1nqpHnSSEicSJP0rVk,CTR20250778,recruiting,临沂市中心医院,shandong,china
YL1nqpHnSSEicSJP0rVk,CTR20250778,recruiting,临沂市肿瘤医院,shandong,china
YL1nqpHnSSEicSJP0rVk,CTR20250778,recruiting,华中科技大学同济医学院附属同济医院,hubei,china
YL1nqpHnSSEicSJP0rVk,CTR20250778,recruiting,华北理工大学附属医院,hebei,china
YL1nqpHnSSEicSJP0rVk,CTR20250778,recruiting,南方医科大学南方医院,guangdong,china
YL1nqpHnSSEicSJP0rVk,CTR20250778,recruiting,南昌大学第一附属医院,jiangxi,china
YL1nqpHnSSEicSJP0rVk,CTR20250778,recruiting,南通大学附属医院,jiangsu,china
YL1nqpHnSSEicSJP0rVk,CTR20250778,recruiting,吉林省肿瘤医院,jilin,china
YL1nqpHnSSEicSJP0rVk,CTR20250778,recruiting,哈尔滨医科大学附属肿瘤医院,heilongjiang,china
YL1nqpHnSSEicSJP0rVk,CTR20250778,recruiting,四川省人民医院,sichuan,china
YL1nqpHnSSEicSJP0rVk,CTR20250778,recruiting,山东省肿瘤医院,shandong,china
YL1nqpHnSSEicSJP0rVk,CTR20250778,recruiting,常德市第一人民医院,hunan,china
YL1nqpHnSSEicSJP0rVk,CTR20250778,recruiting,广西医科大学第一附属医院,guangxi,china
YL1nqpHnSSEicSJP0rVk,CTR20250778,recruiting,广西医科大学附属肿瘤医院,guangxi,china
YL1nqpHnSSEicSJP0rVk,CTR20250778,recruiting,徐州医科大学附属医院,jiangsu,china
YL1nqpHnSSEicSJP0rVk,CTR20250778,recruiting,新疆医科大学附属肿瘤医院,xinjiang,china
YL1nqpHnSSEicSJP0rVk,CTR20250778,recruiting,新疆维吾尔自治区人民医院,xinjiang,china
YL1nqpHnSSEicSJP0rVk,CTR20250778,recruiting,无锡市人民医院,jiangsu,china
YL1nqpHnSSEicSJP0rVk,CTR20250778,recruiting,日照市人民医院,shandong,china
YL1nqpHnSSEicSJP0rVk,CTR20250778,recruiting,昆明医科大学第一附属医院,yunnan,china
YL1nqpHnSSEicSJP0rVk,CTR20250778,recruiting,江苏省人民医院,jiangsu,china
YL1nqpHnSSEicSJP0rVk,CTR20250778,recruiting,河北医科大学第二医院,hebei,china
YL1nqpHnSSEicSJP0rVk,CTR20250778,recruiting,河南省肿瘤医院,henan,china
YL1nqpHnSSEicSJP0rVk,CTR20250778,recruiting,济宁医学院附属医院,shandong,china
YL1nqpHnSSEicSJP0rVk,CTR20250778,recruiting,浙江大学医学院附属邵逸夫医院,zhejiang,china
YL1nqpHnSSEicSJP0rVk,CTR20250778,recruiting,温州医科大学附属第一医院,zhejiang,china
YL1nqpHnSSEicSJP0rVk,CTR20250778,recruiting,甘肃省人民医院,gansu,china
YL1nqpHnSSEicSJP0rVk,CTR20250778,recruiting,福建省肿瘤医院,fujian,china
YL1nqpHnSSEicSJP0rVk,CTR20250778,recruiting,聊城市人民医院,shandong,china
YL1nqpHnSSEicSJP0rVk,CTR20250778,recruiting,蚌埠医科大学第一附属医院,anhui,china
YL1nqpHnSSEicSJP0rVk,CTR20250778,recruiting,襄阳市中心医院,hubei,china
YL1nqpHnSSEicSJP0rVk,CTR20250778,recruiting,西安交通大学第一附属医院,shaanxi,china
YL1nqpHnSSEicSJP0rVk,CTR20250778,recruiting,连云港市第一人民医院,jiangsu,china
YL1nqpHnSSEicSJP0rVk,CTR20250778,recruiting,郑州大学第一附属医院,henan,china
YL1nqpHnSSEicSJP0rVk,CTR20250778,recruiting,重庆医科大学附属第一医院,chongqing,china
YL1nqpHnSSEicSJP0rVk,CTR20250778,recruiting,青岛大学附属医院,shandong,china
YL1nqpHnSSEicSJP0rVk,CTR20250778,recruiting,青海大学附属医院,qinghai,china
OdiaDxapcOtqdNBlA9Qn,CTR20250844,recruiting,中国医学科学院血液病医院(天津血液所),tianjin,china
3AvB3tCcfTlEGo4WPbsf,CTR20250938,recruiting,中山大学肿瘤防治中心,guangdong,china
3AvB3tCcfTlEGo4WPbsf,CTR20250938,recruiting,北京大学第三医院,beijing,china
3AvB3tCcfTlEGo4WPbsf,CTR20250938,recruiting,南方医科大学南方医院,guangdong,china
3AvB3tCcfTlEGo4WPbsf,CTR20250938,recruiting,台北荣民总医院,taiwan,china
3AvB3tCcfTlEGo4WPbsf,CTR20250938,recruiting,国立台湾大学医学院附设医院,taiwan,china
3AvB3tCcfTlEGo4WPbsf,CTR20250938,recruiting,山东省立医院,shandong,china
3AvB3tCcfTlEGo4WPbsf,CTR20250938,recruiting,浙江大学医学院附属第一医院,zhejiang,china
qgO2dLAb6QvTQwWrWEt0,CTR20251016,recruiting,中国医学科学院血液病医院(天津血液所),tianjin,china
qgO2dLAb6QvTQwWrWEt0,CTR20251016,recruiting,华中科技大学同济医学院附属同济医院,hubei,china
qgO2dLAb6QvTQwWrWEt0,CTR20251016,recruiting,南昌大学第一附属医院,jiangxi,china
qgO2dLAb6QvTQwWrWEt0,CTR20251016,recruiting,温州医科大学附属第一医院,zhejiang,china
a3NQg66vbRwmNU0eD1AU,CTR20252454,recruiting,上海市浦东新区公利医院,shanghai,china
a3NQg66vbRwmNU0eD1AU,CTR20252454,recruiting,上海市第一人民医院,shanghai,china
a3NQg66vbRwmNU0eD1AU,CTR20252454,recruiting,上海市闵行区中心医院,shanghai,china
a3NQg66vbRwmNU0eD1AU,CTR20252454,recruiting,中国人民解放军空军军医大学第一附属医院,shaanxi,china
a3NQg66vbRwmNU0eD1AU,CTR20252454,recruiting,中国医学科学院血液病医院,tianjin,china
a3NQg66vbRwmNU0eD1AU,CTR20252454,recruiting,中国医科大学附属盛京医院,liaoning,china
a3NQg66vbRwmNU0eD1AU,CTR20252454,recruiting,中山大学肿瘤防治中心,guangdong,china
a3NQg66vbRwmNU0eD1AU,CTR20252454,recruiting,中日友好医院,beijing,china
a3NQg66vbRwmNU0eD1AU,CTR20252454,recruiting,云南省第一人民医院,yunnan,china
a3NQg66vbRwmNU0eD1AU,CTR20252454,recruiting,云南省肿瘤医院,yunnan,china
a3NQg66vbRwmNU0eD1AU,CTR20252454,recruiting,内蒙古医科大学附属医院,innermongolia,china
a3NQg66vbRwmNU0eD1AU,CTR20252454,recruiting,北京大学第三医院,beijing,china
a3NQg66vbRwmNU0eD1AU,CTR20252454,recruiting,南方医科大学珠江医院,guangdong,china
a3NQg66vbRwmNU0eD1AU,CTR20252454,recruiting,南昌大学第一附属医院,jiangxi,china
a3NQg66vbRwmNU0eD1AU,CTR20252454,recruiting,南阳市中心医院,henan,china
a3NQg66vbRwmNU0eD1AU,CTR20252454,recruiting,吉林大学第一医院,jilin,china
a3NQg66vbRwmNU0eD1AU,CTR20252454,recruiting,哈尔滨医科大学附属第一医院,heilongjiang,china
a3NQg66vbRwmNU0eD1AU,CTR20252454,recruiting,哈尔滨医科大学附属肿瘤医院,heilongjiang,china
a3NQg66vbRwmNU0eD1AU,CTR20252454,recruiting,四川省医学科学院·四川省人民医院,sichuan,china
a3NQg66vbRwmNU0eD1AU,CTR20252454,recruiting,天津市肿瘤医院,tianjin,china
a3NQg66vbRwmNU0eD1AU,CTR20252454,recruiting,宁波大学附属人民医院,zhejiang,china
a3NQg66vbRwmNU0eD1AU,CTR20252454,recruiting,安徽医科大学第一附属医院,anhui,china
a3NQg66vbRwmNU0eD1AU,CTR20252454,recruiting,安徽医科大学第二附属医院,anhui,china
a3NQg66vbRwmNU0eD1AU,CTR20252454,recruiting,山东大学第二医院,shandong,china
a3NQg66vbRwmNU0eD1AU,CTR20252454,recruiting,山东第一医科大学附属肿瘤医院,shandong,china
a3NQg66vbRwmNU0eD1AU,CTR20252454,recruiting,山西医科大学第二医院,shanxi,china
a3NQg66vbRwmNU0eD1AU,CTR20252454,recruiting,山西省肿瘤医院,shanxi,china
a3NQg66vbRwmNU0eD1AU,CTR20252454,recruiting,常州市第二人民医院,jiangsu,china
a3NQg66vbRwmNU0eD1AU,CTR20252454,recruiting,广西医科大学第二附属医院,guangxi,china
a3NQg66vbRwmNU0eD1AU,CTR20252454,recruiting,新疆医科大学第一附属医院,xinjiang,china
a3NQg66vbRwmNU0eD1AU,CTR20252454,recruiting,昆明医科大学第一附属医院,yunnan,china
a3NQg66vbRwmNU0eD1AU,CTR20252454,recruiting,杭州市第一人民医院,zhejiang,china
a3NQg66vbRwmNU0eD1AU,CTR20252454,recruiting,柳州市人民医院,guangxi,china
a3NQg66vbRwmNU0eD1AU,CTR20252454,recruiting,武汉大学中南医院,hubei,china
a3NQg66vbRwmNU0eD1AU,CTR20252454,recruiting,河北医科大学第三医院,hebei,china
a3NQg66vbRwmNU0eD1AU,CTR20252454,recruiting,河北医科大学第二医院,hebei,china
a3NQg66vbRwmNU0eD1AU,CTR20252454,recruiting,河北大学附属医院,hebei,china
a3NQg66vbRwmNU0eD1AU,CTR20252454,recruiting,河南省肿瘤医院,henan,china
a3NQg66vbRwmNU0eD1AU,CTR20252454,recruiting,河南科技大学第一附属医院,henan,china
a3NQg66vbRwmNU0eD1AU,CTR20252454,recruiting,济宁医学院附属医院,shandong,china
a3NQg66vbRwmNU0eD1AU,CTR20252454,recruiting,深圳市南山区人民医院,guangdong,china
a3NQg66vbRwmNU0eD1AU,CTR20252454,recruiting,滨州医学院附属医院,shandong,china
a3NQg66vbRwmNU0eD1AU,CTR20252454,recruiting,甘肃省人民医院,gansu,china
a3NQg66vbRwmNU0eD1AU,CTR20252454,recruiting,绵阳市中心医院,sichuan,china
a3NQg66vbRwmNU0eD1AU,CTR20252454,recruiting,蚌埠医学院第一附属医院,anhui,china
a3NQg66vbRwmNU0eD1AU,CTR20252454,recruiting,襄阳市中心医院,hubei,china
a3NQg66vbRwmNU0eD1AU,CTR20252454,recruiting,赣州市人民医院,jiangxi,china
a3NQg66vbRwmNU0eD1AU,CTR20252454,recruiting,遵义医科大学附属医院,guizhou,china
a3NQg66vbRwmNU0eD1AU,CTR20252454,recruiting,郑州大学第一附属医院,henan,china
a3NQg66vbRwmNU0eD1AU,CTR20252454,recruiting,重庆医科大学附属第一医院,chongqing,china
r2qe2iXVqROXG1ibIIW7,CTR20252862,recruiting,新乡市中心医院,henan,china
r2qe2iXVqROXG1ibIIW7,CTR20252862,recruiting,河南科技大学第一附属医院,henan,china
r2qe2iXVqROXG1ibIIW7,CTR20252862,recruiting,淄博市中心医院,shandong,china
r2qe2iXVqROXG1ibIIW7,CTR20252862,recruiting,甘肃省人民医院,gansu,china
NL7mFmowccRfo68l1Ama,CTR20252876,recruiting,中南大学湘雅医院,hunan,china
NL7mFmowccRfo68l1Ama,CTR20252876,recruiting,同济大学附属上海市第四人民医院,shanghai,china
NL7mFmowccRfo68l1Ama,CTR20252876,recruiting,西安交通大学第一附属医院,shaanxi,china
e00Jz0IxLjazI4hin3WO,CTR20253002,recruiting,常州市第一人民医院,jiangsu,china
e00Jz0IxLjazI4hin3WO,CTR20253002,recruiting,河南科技大学第一附属医院,henan,china
K6X3u8erpIIi72cAC7h7,CTR20253381,recruiting,上海交通大学医学院附属瑞金医院,shanghai,china
K6X3u8erpIIi72cAC7h7,CTR20253381,recruiting,上海市第六人民医院,shanghai,china
K6X3u8erpIIi72cAC7h7,CTR20253381,recruiting,上海市第四人民医院,shanghai,china
K6X3u8erpIIi72cAC7h7,CTR20253381,recruiting,中南大学湘雅三医院,hunan,china
K6X3u8erpIIi72cAC7h7,CTR20253381,recruiting,中南大学湘雅二医院,hunan,china
K6X3u8erpIIi72cAC7h7,CTR20253381,recruiting,中国人民解放军陆军军医大学第二附属医院,chongqing,china
K6X3u8erpIIi72cAC7h7,CTR20253381,recruiting,中国医学科学院血液病医院,tianjin,china
K6X3u8erpIIi72cAC7h7,CTR20253381,recruiting,中国医科大学附属盛京医院,liaoning,china
K6X3u8erpIIi72cAC7h7,CTR20253381,recruiting,中山大学肿瘤防治中心,guangdong,china
K6X3u8erpIIi72cAC7h7,CTR20253381,recruiting,中山大学附属第五医院,guangdong,china
K6X3u8erpIIi72cAC7h7,CTR20253381,recruiting,丽水市中心医院,zhejiang,china
K6X3u8erpIIi72cAC7h7,CTR20253381,recruiting,云南省第一人民医院,yunnan,china
K6X3u8erpIIi72cAC7h7,CTR20253381,recruiting,云南省肿瘤医院,yunnan,china
K6X3u8erpIIi72cAC7h7,CTR20253381,recruiting,亳州市人民医院,anhui,china
K6X3u8erpIIi72cAC7h7,CTR20253381,recruiting,佛山市第一人民医院,guangdong,china
K6X3u8erpIIi72cAC7h7,CTR20253381,recruiting,内蒙古医科大学附属医院,innermongolia,china
K6X3u8erpIIi72cAC7h7,CTR20253381,recruiting,北京大学深圳医院,guangdong,china
K6X3u8erpIIi72cAC7h7,CTR20253381,recruiting,北京大学第三医院,beijing,china
K6X3u8erpIIi72cAC7h7,CTR20253381,recruiting,南京大学医学院附属鼓楼医院,jiangsu,china
K6X3u8erpIIi72cAC7h7,CTR20253381,recruiting,南方医科大学南方医院,guangdong,china
K6X3u8erpIIi72cAC7h7,CTR20253381,recruiting,南方医科大学珠江医院,guangdong,china
K6X3u8erpIIi72cAC7h7,CTR20253381,recruiting,南昌大学第一附属医院,jiangxi,china
K6X3u8erpIIi72cAC7h7,CTR20253381,recruiting,南昌大学第二附属医院,jiangxi,china
K6X3u8erpIIi72cAC7h7,CTR20253381,recruiting,厦门大学附属第一医院,fujian,china
K6X3u8erpIIi72cAC7h7,CTR20253381,recruiting,吉林大学第一医院,jilin,china
K6X3u8erpIIi72cAC7h7,CTR20253381,recruiting,哈尔滨医科大学附属第一医院,heilongjiang,china
K6X3u8erpIIi72cAC7h7,CTR20253381,recruiting,哈尔滨医科大学附属肿瘤医院,heilongjiang,china
K6X3u8erpIIi72cAC7h7,CTR20253381,recruiting,嘉兴市第一医院,zhejiang,china
K6X3u8erpIIi72cAC7h7,CTR20253381,recruiting,四川省医学科学院·四川省人民医院,sichuan,china
K6X3u8erpIIi72cAC7h7,CTR20253381,recruiting,大同市第三人民医院,shanxi,china
K6X3u8erpIIi72cAC7h7,CTR20253381,recruiting,大连医科大学附属第二医院,liaoning,china
K6X3u8erpIIi72cAC7h7,CTR20253381,recruiting,天津市肿瘤医院,tianjin,china
K6X3u8erpIIi72cAC7h7,CTR20253381,recruiting,娄底市中心医院,hunan,china
K6X3u8erpIIi72cAC7h7,CTR20253381,recruiting,安徽医科大学第二附属医院,anhui,china
K6X3u8erpIIi72cAC7h7,CTR20253381,recruiting,安徽省第二人民医院,anhui,china
K6X3u8erpIIi72cAC7h7,CTR20253381,recruiting,宜宾市第二人民医院,sichuan,china
K6X3u8erpIIi72cAC7h7,CTR20253381,recruiting,山东大学齐鲁医院,shandong,china
K6X3u8erpIIi72cAC7h7,CTR20253381,recruiting,山东第一医科大学附属肿瘤医院,shandong,china
K6X3u8erpIIi72cAC7h7,CTR20253381,recruiting,山西医科大学第二医院,shanxi,china
K6X3u8erpIIi72cAC7h7,CTR20253381,recruiting,山西白求恩医院,shanxi,china
K6X3u8erpIIi72cAC7h7,CTR20253381,recruiting,山西省人民医院,shanxi,china
K6X3u8erpIIi72cAC7h7,CTR20253381,recruiting,山西省肿瘤医院,shanxi,china
K6X3u8erpIIi72cAC7h7,CTR20253381,recruiting,广东省人民医院,guangdong,china
K6X3u8erpIIi72cAC7h7,CTR20253381,recruiting,广州市第一人民医院,guangdong,china
K6X3u8erpIIi72cAC7h7,CTR20253381,recruiting,广西医科大学第一附属医院,guangxi,china
K6X3u8erpIIi72cAC7h7,CTR20253381,recruiting,广西医科大学附属肿瘤医院,guangxi,china
K6X3u8erpIIi72cAC7h7,CTR20253381,recruiting,徐州医科大学附属医院,jiangsu,china
K6X3u8erpIIi72cAC7h7,CTR20253381,recruiting,恩施土家族苗族自治州中心医院,hubei,china
K6X3u8erpIIi72cAC7h7,CTR20253381,recruiting,成都上锦南府医院,sichuan,china
K6X3u8erpIIi72cAC7h7,CTR20253381,recruiting,承德医学院附属医院,hebei,china
K6X3u8erpIIi72cAC7h7,CTR20253381,recruiting,新疆医科大学第一附属医院,xinjiang,china
K6X3u8erpIIi72cAC7h7,CTR20253381,recruiting,新疆维吾尔自治区人民医院,xinjiang,china
K6X3u8erpIIi72cAC7h7,CTR20253381,recruiting,昆明医科大学第一附属医院,yunnan,china
K6X3u8erpIIi72cAC7h7,CTR20253381,recruiting,杭州市第一人民医院,zhejiang,china
K6X3u8erpIIi72cAC7h7,CTR20253381,recruiting,柳州市人民医院,guangxi,china
K6X3u8erpIIi72cAC7h7,CTR20253381,recruiting,武汉大学中南医院,hubei,china
K6X3u8erpIIi72cAC7h7,CTR20253381,recruiting,江西省人民医院,jiangxi,china
K6X3u8erpIIi72cAC7h7,CTR20253381,recruiting,河北医科大学第三医院,hebei,china
K6X3u8erpIIi72cAC7h7,CTR20253381,recruiting,河北医科大学第二医院,hebei,china
K6X3u8erpIIi72cAC7h7,CTR20253381,recruiting,河南省人民医院,henan,china
K6X3u8erpIIi72cAC7h7,CTR20253381,recruiting,河南省肿瘤医院,henan,china
K6X3u8erpIIi72cAC7h7,CTR20253381,recruiting,河南科技大学第一附属医院,henan,china
K6X3u8erpIIi72cAC7h7,CTR20253381,recruiting,泰州市人民医院,jiangsu,china
K6X3u8erpIIi72cAC7h7,CTR20253381,recruiting,济宁医学院附属医院,shandong,china
K6X3u8erpIIi72cAC7h7,CTR20253381,recruiting,浙江大学医学院附属第一医院,zhejiang,china
K6X3u8erpIIi72cAC7h7,CTR20253381,recruiting,深圳市南山区人民医院,guangdong,china
K6X3u8erpIIi72cAC7h7,CTR20253381,recruiting,温州医科大学附属第二医院,zhejiang,china
K6X3u8erpIIi72cAC7h7,CTR20253381,recruiting,湖北省肿瘤医院,hubei,china
K6X3u8erpIIi72cAC7h7,CTR20253381,recruiting,滨州医学院附属医院,shandong,china
K6X3u8erpIIi72cAC7h7,CTR20253381,recruiting,潍坊市人民医院,shandong,china
K6X3u8erpIIi72cAC7h7,CTR20253381,recruiting,烟台毓璜顶医院,shandong,china
K6X3u8erpIIi72cAC7h7,CTR20253381,recruiting,皖南医学院第一附属医院,anhui,china
K6X3u8erpIIi72cAC7h7,CTR20253381,recruiting,福建医科大学附属协和医院,fujian,china
K6X3u8erpIIi72cAC7h7,CTR20253381,recruiting,绵阳市中心医院,sichuan,china
K6X3u8erpIIi72cAC7h7,CTR20253381,recruiting,西安交通大学第一附属医院,shaanxi,china
K6X3u8erpIIi72cAC7h7,CTR20253381,recruiting,西安交通大学第二附属医院,shaanxi,china
K6X3u8erpIIi72cAC7h7,CTR20253381,recruiting,郑州大学第一附属医院,henan,china
K6X3u8erpIIi72cAC7h7,CTR20253381,recruiting,重庆医科大学附属第一医院,chongqing,china
K6X3u8erpIIi72cAC7h7,CTR20253381,recruiting,重庆大学附属三峡医院,chongqing,china
K6X3u8erpIIi72cAC7h7,CTR20253381,recruiting,首都医科大学附属北京朝阳医院,beijing,china
K6X3u8erpIIi72cAC7h7,CTR20253381,recruiting,首都医科大学附属北京积水潭医院,beijing,china
K6X3u8erpIIi72cAC7h7,CTR20253381,recruiting,黄山市人民医院,anhui,china
4hWux2nWgzlykmWhrg8H,CTR20253414,recruiting,上海交通大学医学院附属仁济医院,shanghai,china
4hWux2nWgzlykmWhrg8H,CTR20253414,recruiting,上海长征医院,shanghai,china
4hWux2nWgzlykmWhrg8H,CTR20253414,recruiting,东莞市人民医院,guangdong,china
4hWux2nWgzlykmWhrg8H,CTR20253414,recruiting,中国医学科学院血液病医院,tianjin,china
4hWux2nWgzlykmWhrg8H,CTR20253414,recruiting,中国医科大学附属盛京医院,liaoning,china
4hWux2nWgzlykmWhrg8H,CTR20253414,recruiting,中国医科大学附属第一医院,liaoning,china
4hWux2nWgzlykmWhrg8H,CTR20253414,recruiting,中山大学孙逸仙纪念医院,guangdong,china
4hWux2nWgzlykmWhrg8H,CTR20253414,recruiting,中山大学附属第三医院,guangdong,china
4hWux2nWgzlykmWhrg8H,CTR20253414,recruiting,中山大学附属肿瘤医院（中山大学肿瘤防治中心）,guangdong,china
4hWux2nWgzlykmWhrg8H,CTR20253414,recruiting,云南第一人民医院,yunnan,china
4hWux2nWgzlykmWhrg8H,CTR20253414,recruiting,兰州大学第一医院,gansu,china
4hWux2nWgzlykmWhrg8H,CTR20253414,recruiting,北京大学深圳医院,guangdong,china
4hWux2nWgzlykmWhrg8H,CTR20253414,recruiting,华中科技大学同济医学院附属协和医院,hubei,china
4hWux2nWgzlykmWhrg8H,CTR20253414,recruiting,华中科技大学同济医学院附属同济医院,hubei,china
4hWux2nWgzlykmWhrg8H,CTR20253414,recruiting,南京鼓楼医院,jiangsu,china
4hWux2nWgzlykmWhrg8H,CTR20253414,recruiting,南昌大学第一附属医院,jiangxi,china
4hWux2nWgzlykmWhrg8H,CTR20253414,recruiting,南通大学附属医院,jiangsu,china
4hWux2nWgzlykmWhrg8H,CTR20253414,recruiting,厦门大学附属中山医院,fujian,china
4hWux2nWgzlykmWhrg8H,CTR20253414,recruiting,吉林大学中日联谊医院,jilin,china
4hWux2nWgzlykmWhrg8H,CTR20253414,recruiting,吉林大学第一医院,jilin,china
4hWux2nWgzlykmWhrg8H,CTR20253414,recruiting,咸阳市中心医院,shaanxi,china
4hWux2nWgzlykmWhrg8H,CTR20253414,recruiting,哈尔滨医科大学附属第一医院,heilongjiang,china
4hWux2nWgzlykmWhrg8H,CTR20253414,recruiting,哈尔滨医科大学附属第二医院,heilongjiang,china
4hWux2nWgzlykmWhrg8H,CTR20253414,recruiting,哈尔滨医科大学附属肿瘤医院,heilongjiang,china
4hWux2nWgzlykmWhrg8H,CTR20253414,recruiting,四川大学华西医院,sichuan,china
4hWux2nWgzlykmWhrg8H,CTR20253414,recruiting,四平市中心人民医院,jilin,china
4hWux2nWgzlykmWhrg8H,CTR20253414,recruiting,大庆油田总医院,heilongjiang,china
4hWux2nWgzlykmWhrg8H,CTR20253414,recruiting,天津市肿瘤医院,tianjin,china
4hWux2nWgzlykmWhrg8H,CTR20253414,recruiting,天津市肿瘤医院空港医院,tianjin,china
4hWux2nWgzlykmWhrg8H,CTR20253414,recruiting,安徽医科大学第二附属医院,anhui,china
4hWux2nWgzlykmWhrg8H,CTR20253414,recruiting,宝鸡市中心医院,shaanxi,china
4hWux2nWgzlykmWhrg8H,CTR20253414,recruiting,山东第一医科大学第一附属医院(山东省千佛山医院),shandong,china
4hWux2nWgzlykmWhrg8H,CTR20253414,recruiting,山东第一医科大学第二附属医院（第二临床学院）,shandong,china
4hWux2nWgzlykmWhrg8H,CTR20253414,recruiting,山东第一医科大学附属省立医院（山东省立医院）,shandong,china
4hWux2nWgzlykmWhrg8H,CTR20253414,recruiting,山东第一医科大学附属肿瘤医院（山东省肿瘤医院）,shandong,china
4hWux2nWgzlykmWhrg8H,CTR20253414,recruiting,山西省肿瘤医院,shanxi,china
4hWux2nWgzlykmWhrg8H,CTR20253414,recruiting,山西省运城市中心医院,shanxi,china
4hWux2nWgzlykmWhrg8H,CTR20253414,recruiting,常州市第一人民医院,jiangsu,china
4hWux2nWgzlykmWhrg8H,CTR20253414,recruiting,平顶山市第一人民医院,henan,china
4hWux2nWgzlykmWhrg8H,CTR20253414,recruiting,广州中医药大学第一附属医院,guangdong,china
4hWux2nWgzlykmWhrg8H,CTR20253414,recruiting,广州医科大学附属清远医院（清远市人民医院）,guangdong,china
4hWux2nWgzlykmWhrg8H,CTR20253414,recruiting,广州市第一人民医院,guangdong,china
4hWux2nWgzlykmWhrg8H,CTR20253414,recruiting,广西医科大学第一附属医院,guangxi,china
4hWux2nWgzlykmWhrg8H,CTR20253414,recruiting,广西医科大学附属肿瘤医院,guangxi,china
4hWux2nWgzlykmWhrg8H,CTR20253414,recruiting,广西壮族自治区人民医院,guangxi,china
4hWux2nWgzlykmWhrg8H,CTR20253414,recruiting,康复大学青岛中心医院,shandong,china
4hWux2nWgzlykmWhrg8H,CTR20253414,recruiting,昆明医科大学第一附属医院,yunnan,china
4hWux2nWgzlykmWhrg8H,CTR20253414,recruiting,柳州市人民医院,guangxi,china
4hWux2nWgzlykmWhrg8H,CTR20253414,recruiting,江南大学附属医院,jiangsu,china
4hWux2nWgzlykmWhrg8H,CTR20253414,recruiting,江西省肿瘤医院,jiangxi,china
4hWux2nWgzlykmWhrg8H,CTR20253414,recruiting,河北医科大学第三医院,hebei,china
4hWux2nWgzlykmWhrg8H,CTR20253414,recruiting,河北大学附属医院,hebei,china
4hWux2nWgzlykmWhrg8H,CTR20253414,recruiting,河南医药大学第一附属医院,henan,china
4hWux2nWgzlykmWhrg8H,CTR20253414,recruiting,河南省人民医院,henan,china
4hWux2nWgzlykmWhrg8H,CTR20253414,recruiting,河南省肿瘤医院,henan,china
4hWux2nWgzlykmWhrg8H,CTR20253414,recruiting,河南科技大学第一附属医院,henan,china
4hWux2nWgzlykmWhrg8H,CTR20253414,recruiting,济宁医学院附属医院,shandong,china
4hWux2nWgzlykmWhrg8H,CTR20253414,recruiting,济宁市第一人民医院,shandong,china
4hWux2nWgzlykmWhrg8H,CTR20253414,recruiting,浙江大学医学院附属第一医院,zhejiang,china
4hWux2nWgzlykmWhrg8H,CTR20253414,recruiting,浙江大学医学院附属第二医院,zhejiang,china
4hWux2nWgzlykmWhrg8H,CTR20253414,recruiting,浙江省台州医院,zhejiang,china
4hWux2nWgzlykmWhrg8H,CTR20253414,recruiting,温州医科大学附属第一医院,zhejiang,china
4hWux2nWgzlykmWhrg8H,CTR20253414,recruiting,湖南省肿瘤医院,hunan,china
4hWux2nWgzlykmWhrg8H,CTR20253414,recruiting,潍坊市人民医院,shandong,china
4hWux2nWgzlykmWhrg8H,CTR20253414,recruiting,玉林市红十字会医院,guangxi,china
4hWux2nWgzlykmWhrg8H,CTR20253414,recruiting,皖南医学院弋矶山医院（皖南医学院第一附属医院）,anhui,china
4hWux2nWgzlykmWhrg8H,CTR20253414,recruiting,福建医科大学附属协和医院,fujian,china
4hWux2nWgzlykmWhrg8H,CTR20253414,recruiting,苏州大学附属第一医院,jiangsu,china
4hWux2nWgzlykmWhrg8H,CTR20253414,recruiting,襄阳市中心医院,hubei,china
4hWux2nWgzlykmWhrg8H,CTR20253414,recruiting,西安交通大学第二附属医院,shaanxi,china
4hWux2nWgzlykmWhrg8H,CTR20253414,recruiting,西安市中心医院,shaanxi,china
4hWux2nWgzlykmWhrg8H,CTR20253414,recruiting,赣南医科大学第一附属医院,jiangxi,china
4hWux2nWgzlykmWhrg8H,CTR20253414,recruiting,郴州市第一人民医院,hunan,china
4hWux2nWgzlykmWhrg8H,CTR20253414,recruiting,重庆医科大学附属第一医院,chongqing,china
4hWux2nWgzlykmWhrg8H,CTR20253414,recruiting,长治医学院附属和平医院,shanxi,china
4hWux2nWgzlykmWhrg8H,CTR20253414,recruiting,首都医科大学宣武医院,beijing,china
4hWux2nWgzlykmWhrg8H,CTR20253414,recruiting,首都医科大学附属北京朝阳医院,beijing,china
4hWux2nWgzlykmWhrg8H,CTR20253414,recruiting,首都医科大学附属北京朝阳医院（西院）,beijing,china
1lgFLaIhQcMbP93FrcwS,CTR20253656,recruiting,华北理工大学附属医院,hebei,china
1lgFLaIhQcMbP93FrcwS,CTR20253656,recruiting,南京鼓楼医院,jiangsu,china
1lgFLaIhQcMbP93FrcwS,CTR20253656,recruiting,南方医科大学南方医院,guangdong,china
1lgFLaIhQcMbP93FrcwS,CTR20253656,recruiting,南昌大学第一附属医院,jiangxi,china
1lgFLaIhQcMbP93FrcwS,CTR20253656,recruiting,复旦大学附属中山医院,shanghai,china
1lgFLaIhQcMbP93FrcwS,CTR20253656,recruiting,天津市人民医院,tianjin,china
1lgFLaIhQcMbP93FrcwS,CTR20253656,recruiting,川北医学院附属医院,sichuan,china
1lgFLaIhQcMbP93FrcwS,CTR20253656,recruiting,广东省人民医院,guangdong,china
1lgFLaIhQcMbP93FrcwS,CTR20253656,recruiting,承德医学院附属医院,hebei,china
1lgFLaIhQcMbP93FrcwS,CTR20253656,recruiting,江苏省人民医院,jiangsu,china
1lgFLaIhQcMbP93FrcwS,CTR20253656,recruiting,苏州大学附属第二医院,jiangsu,china
1lgFLaIhQcMbP93FrcwS,CTR20253656,recruiting,菏泽市立医院,shandong,china
1lgFLaIhQcMbP93FrcwS,CTR20253656,recruiting,西安交通大学第一附属医院,shaanxi,china
1lgFLaIhQcMbP93FrcwS,CTR20253656,recruiting,重庆大学附属肿瘤医院（重庆市肿瘤医院）,chongqing,china
IJmWSIKTVOukJEpY2XZD,CTR20254042,recruiting,中国医学科学院血液病医院,tianjin,china
IJmWSIKTVOukJEpY2XZD,CTR20254042,recruiting,中山大学肿瘤防治中心,guangdong,china
IJmWSIKTVOukJEpY2XZD,CTR20254042,recruiting,云南省肿瘤医院,yunnan,china
IJmWSIKTVOukJEpY2XZD,CTR20254042,recruiting,北京大学第三医院,beijing,china
IJmWSIKTVOukJEpY2XZD,CTR20254042,recruiting,南昌大学第一附属医院,jiangxi,china
IJmWSIKTVOukJEpY2XZD,CTR20254042,recruiting,厦门大学附属第一医院,fujian,china
IJmWSIKTVOukJEpY2XZD,CTR20254042,recruiting,四川大学华西医院,sichuan,china
IJmWSIKTVOukJEpY2XZD,CTR20254042,recruiting,四川省人民医院,sichuan,china
IJmWSIKTVOukJEpY2XZD,CTR20254042,recruiting,安徽省立医院,anhui,china
IJmWSIKTVOukJEpY2XZD,CTR20254042,recruiting,山东大学齐鲁医院,shandong,china
IJmWSIKTVOukJEpY2XZD,CTR20254042,recruiting,山东省肿瘤医院,shandong,china
IJmWSIKTVOukJEpY2XZD,CTR20254042,recruiting,山西省肿瘤医院,shanxi,china
IJmWSIKTVOukJEpY2XZD,CTR20254042,recruiting,武汉大学中南医院,hubei,china
IJmWSIKTVOukJEpY2XZD,CTR20254042,recruiting,江苏省人民医院,jiangsu,china
IJmWSIKTVOukJEpY2XZD,CTR20254042,recruiting,河北医科大学第二医院,hebei,china
IJmWSIKTVOukJEpY2XZD,CTR20254042,recruiting,河南省肿瘤医院,henan,china
IJmWSIKTVOukJEpY2XZD,CTR20254042,recruiting,浙江大学医学院附属第一医院,zhejiang,china
IJmWSIKTVOukJEpY2XZD,CTR20254042,recruiting,福建医科大学附属协和医院,fujian,china
IJmWSIKTVOukJEpY2XZD,CTR20254042,recruiting,绵阳市中心医院,sichuan,china
IJmWSIKTVOukJEpY2XZD,CTR20254042,recruiting,郑州大学第一附属医院,henan,china
4spEIHDMIc0CP8ZIi7dW,CTR20254167,recruiting,北京高博医院,beijing,china
4spEIHDMIc0CP8ZIi7dW,CTR20254167,recruiting,北大医疗鲁中医院,shandong,china
ynkeCqP2WmiB33BpDNgA,CTR20260125,recruiting,北大医疗鲁中医院,shandong,china
FwNy6wcp4kZg2dtYi7jt,CTR20260193,recruiting,中国医学科学院血液病医院,tianjin,china
FwNy6wcp4kZg2dtYi7jt,CTR20260193,recruiting,山东大学齐鲁医院,shandong,china
FwNy6wcp4kZg2dtYi7jt,CTR20260193,recruiting,浙江大学医学院附属第一医院,zhejiang,china
FwNy6wcp4kZg2dtYi7jt,CTR20260193,recruiting,苏州大学附属第一医院,jiangsu,china
FwNy6wcp4kZg2dtYi7jt,CTR20260193,recruiting,首都医科大学附属北京朝阳医院,beijing,china
bOiH4izAIKA4j1yoMZhe,CTR20260453,recruiting,上海交通大学医学院附属仁济医院,shanghai,china
bOiH4izAIKA4j1yoMZhe,CTR20260453,recruiting,中南大学湘雅三医院,hunan,china
bOiH4izAIKA4j1yoMZhe,CTR20260453,recruiting,中南大学湘雅医院,hunan,china
bOiH4izAIKA4j1yoMZhe,CTR20260453,recruiting,中国医学科学院北京协和医院,beijing,china
bOiH4izAIKA4j1yoMZhe,CTR20260453,recruiting,中国医学科学院血液病医院（中国医学科学院血液学研究所）,tianjin,china
bOiH4izAIKA4j1yoMZhe,CTR20260453,recruiting,中国医科大学附属盛京医院,liaoning,china
bOiH4izAIKA4j1yoMZhe,CTR20260453,recruiting,中国医科大学附属第一医院,liaoning,china
bOiH4izAIKA4j1yoMZhe,CTR20260453,recruiting,中国科学技术大学附属第一医院(安徽省立医院),anhui,china
bOiH4izAIKA4j1yoMZhe,CTR20260453,recruiting,中山大学附属第二医院孙逸仙医院,guangdong,china
bOiH4izAIKA4j1yoMZhe,CTR20260453,recruiting,中山大学附属肿瘤医院,guangdong,china
bOiH4izAIKA4j1yoMZhe,CTR20260453,recruiting,临沂市人民医院,shandong,china
bOiH4izAIKA4j1yoMZhe,CTR20260453,recruiting,云南省第一人民医院,yunnan,china
bOiH4izAIKA4j1yoMZhe,CTR20260453,recruiting,佛山市第一人民医院,guangdong,china
bOiH4izAIKA4j1yoMZhe,CTR20260453,recruiting,北京大学深圳医院,guangdong,china
bOiH4izAIKA4j1yoMZhe,CTR20260453,recruiting,华中科技大学协和深圳医院（深圳南山医院）,guangdong,china
bOiH4izAIKA4j1yoMZhe,CTR20260453,recruiting,华中科技大学同济医学院附属协和医院,hubei,china
bOiH4izAIKA4j1yoMZhe,CTR20260453,recruiting,华中科技大学同济医学院附属同济医院,hubei,china
bOiH4izAIKA4j1yoMZhe,CTR20260453,recruiting,南京大学医学院附属鼓楼医院,jiangsu,china
bOiH4izAIKA4j1yoMZhe,CTR20260453,recruiting,南方医科大学南方医院,guangdong,china
bOiH4izAIKA4j1yoMZhe,CTR20260453,recruiting,南方医科大学珠江医院,guangdong,china
bOiH4izAIKA4j1yoMZhe,CTR20260453,recruiting,南方医科大学附属广东省人民医院,guangdong,china
bOiH4izAIKA4j1yoMZhe,CTR20260453,recruiting,南方医院赣州医院（赣州市人民医院）,jiangxi,china
bOiH4izAIKA4j1yoMZhe,CTR20260453,recruiting,南昌大学第一附属医院,jiangxi,china
bOiH4izAIKA4j1yoMZhe,CTR20260453,recruiting,吉林大学第一医院,jilin,china
bOiH4izAIKA4j1yoMZhe,CTR20260453,recruiting,同济大学附属上海市第四人民医院,shanghai,china
bOiH4izAIKA4j1yoMZhe,CTR20260453,recruiting,哈尔滨医科大学附属第二医院,heilongjiang,china
bOiH4izAIKA4j1yoMZhe,CTR20260453,recruiting,四川省人民医院,sichuan,china
bOiH4izAIKA4j1yoMZhe,CTR20260453,recruiting,大连医科大学附属第二医院,liaoning,china
bOiH4izAIKA4j1yoMZhe,CTR20260453,recruiting,大连大学附属中山医院,liaoning,china
bOiH4izAIKA4j1yoMZhe,CTR20260453,recruiting,天津市肿瘤医院,tianjin,china
bOiH4izAIKA4j1yoMZhe,CTR20260453,recruiting,天津市肿瘤医院空港医院,tianjin,china
bOiH4izAIKA4j1yoMZhe,CTR20260453,recruiting,宁波大学附属人民医院,zhejiang,china
bOiH4izAIKA4j1yoMZhe,CTR20260453,recruiting,宁波大学附属第一医院,zhejiang,china
bOiH4izAIKA4j1yoMZhe,CTR20260453,recruiting,安徽医科大学第一附属医院,anhui,china
bOiH4izAIKA4j1yoMZhe,CTR20260453,recruiting,安徽省肿瘤医院,anhui,china
bOiH4izAIKA4j1yoMZhe,CTR20260453,recruiting,宜宾市第二人民医院,sichuan,china
bOiH4izAIKA4j1yoMZhe,CTR20260453,recruiting,宜昌市中心人民医院,hubei,china
bOiH4izAIKA4j1yoMZhe,CTR20260453,recruiting,山东大学齐鲁医院,shandong,china
bOiH4izAIKA4j1yoMZhe,CTR20260453,recruiting,山西白求恩医院,shanxi,china
bOiH4izAIKA4j1yoMZhe,CTR20260453,recruiting,常德市第一人民医院,hunan,china
bOiH4izAIKA4j1yoMZhe,CTR20260453,recruiting,徐州医科大学附属医院,jiangsu,china
bOiH4izAIKA4j1yoMZhe,CTR20260453,recruiting,恩施土家族苗族自治州中心医院,hubei,china
bOiH4izAIKA4j1yoMZhe,CTR20260453,recruiting,惠州市中心人民医院,guangdong,china
bOiH4izAIKA4j1yoMZhe,CTR20260453,recruiting,成都市第二人民医院,sichuan,china
bOiH4izAIKA4j1yoMZhe,CTR20260453,recruiting,新乡市中心医院,henan,china
bOiH4izAIKA4j1yoMZhe,CTR20260453,recruiting,无锡市人民医院,jiangsu,china
bOiH4izAIKA4j1yoMZhe,CTR20260453,recruiting,昆明医科大学第一附属医院,yunnan,china
bOiH4izAIKA4j1yoMZhe,CTR20260453,recruiting,柳州市工人医院,guangxi,china
bOiH4izAIKA4j1yoMZhe,CTR20260453,recruiting,株洲市中心医院,hunan,china
bOiH4izAIKA4j1yoMZhe,CTR20260453,recruiting,武汉大学中南医院,hubei,china
bOiH4izAIKA4j1yoMZhe,CTR20260453,recruiting,江苏省人民医院,jiangsu,china
bOiH4izAIKA4j1yoMZhe,CTR20260453,recruiting,河北大学附属医院,hebei,china
bOiH4izAIKA4j1yoMZhe,CTR20260453,recruiting,河南省肿瘤医院,henan,china
bOiH4izAIKA4j1yoMZhe,CTR20260453,recruiting,温州医科大学附属第一医院,zhejiang,china
bOiH4izAIKA4j1yoMZhe,CTR20260453,recruiting,湖南省肿瘤医院,hunan,china
bOiH4izAIKA4j1yoMZhe,CTR20260453,recruiting,湛江中心人民医院,guangdong,china
bOiH4izAIKA4j1yoMZhe,CTR20260453,recruiting,甘肃省人民医院,gansu,china
bOiH4izAIKA4j1yoMZhe,CTR20260453,recruiting,福建医科大学附属协和医院,fujian,china
bOiH4izAIKA4j1yoMZhe,CTR20260453,recruiting,苏州大学附属第一医院,jiangsu,china
bOiH4izAIKA4j1yoMZhe,CTR20260453,recruiting,西安交通大学第一附属医院,shaanxi,china
bOiH4izAIKA4j1yoMZhe,CTR20260453,recruiting,西安交通大学第二附属医院,shaanxi,china
bOiH4izAIKA4j1yoMZhe,CTR20260453,recruiting,赣南医科大学第一附属医院,jiangxi,china
bOiH4izAIKA4j1yoMZhe,CTR20260453,recruiting,郑州大学第一附属医院,henan,china
bOiH4izAIKA4j1yoMZhe,CTR20260453,recruiting,重庆大学附属肿瘤医院,chongqing,china
bOiH4izAIKA4j1yoMZhe,CTR20260453,recruiting,青岛市市立医院,shandong,china
bOiH4izAIKA4j1yoMZhe,CTR20260453,recruiting,首都医科大学附属北京世纪坛医院,beijing,china
bOiH4izAIKA4j1yoMZhe,CTR20260453,recruiting,首都医科大学附属北京朝阳医院,beijing,china
cqUObYck9r2udP2Hjdwj,CTR20260785,recruiting,东南大学附属中大医院,jiangsu,china
cqUObYck9r2udP2Hjdwj,CTR20260785,recruiting,中南大学湘雅二医院,hunan,china
cqUObYck9r2udP2Hjdwj,CTR20260785,recruiting,中国医科大学附属盛京医院,liaoning,china
cqUObYck9r2udP2Hjdwj,CTR20260785,recruiting,中国医科大学附属第一医院,liaoning,china
cqUObYck9r2udP2Hjdwj,CTR20260785,recruiting,内蒙古医科大学附属医院,innermongolia,china
cqUObYck9r2udP2Hjdwj,CTR20260785,recruiting,北京大学深圳医院,guangdong,china
cqUObYck9r2udP2Hjdwj,CTR20260785,recruiting,北京大学第一医院,beijing,china
cqUObYck9r2udP2Hjdwj,CTR20260785,recruiting,北京大学第三医院,beijing,china
cqUObYck9r2udP2Hjdwj,CTR20260785,recruiting,华中科技大学同济医学院附属协和医院,hubei,china
cqUObYck9r2udP2Hjdwj,CTR20260785,recruiting,华中科技大学同济医学院附属同济医院,hubei,china
cqUObYck9r2udP2Hjdwj,CTR20260785,recruiting,南京医科大学附属逸夫医院,jiangsu,china
cqUObYck9r2udP2Hjdwj,CTR20260785,recruiting,南华大学附属第一医院,hunan,china
cqUObYck9r2udP2Hjdwj,CTR20260785,recruiting,南方医科大学珠江医院,guangdong,china
cqUObYck9r2udP2Hjdwj,CTR20260785,recruiting,南昌大学第一附属医院,jiangxi,china
cqUObYck9r2udP2Hjdwj,CTR20260785,recruiting,南昌大学第二附属医院,jiangxi,china
cqUObYck9r2udP2Hjdwj,CTR20260785,recruiting,厦门大学附属第一医院,fujian,china
cqUObYck9r2udP2Hjdwj,CTR20260785,recruiting,哈尔滨医科大学附属肿瘤医院,heilongjiang,china
cqUObYck9r2udP2Hjdwj,CTR20260785,recruiting,四川省人民医院,sichuan,china
cqUObYck9r2udP2Hjdwj,CTR20260785,recruiting,四川省肿瘤医院,sichuan,china
cqUObYck9r2udP2Hjdwj,CTR20260785,recruiting,复旦大学附属中山医院,shanghai,china
cqUObYck9r2udP2Hjdwj,CTR20260785,recruiting,大连大学附属中山医院,liaoning,china
cqUObYck9r2udP2Hjdwj,CTR20260785,recruiting,天津市人民医院,tianjin,china
cqUObYck9r2udP2Hjdwj,CTR20260785,recruiting,天津市肿瘤医院,tianjin,china
cqUObYck9r2udP2Hjdwj,CTR20260785,recruiting,天津市肿瘤医院空港医院,tianjin,china
cqUObYck9r2udP2Hjdwj,CTR20260785,recruiting,宁波大学附属第一医院,zhejiang,china
cqUObYck9r2udP2Hjdwj,CTR20260785,recruiting,安徽医科大学第二附属医院,anhui,china
cqUObYck9r2udP2Hjdwj,CTR20260785,recruiting,安徽省肿瘤医院,anhui,china
cqUObYck9r2udP2Hjdwj,CTR20260785,recruiting,山东省立医院,shandong,china
cqUObYck9r2udP2Hjdwj,CTR20260785,recruiting,山西医科大学第二医院,shanxi,china
cqUObYck9r2udP2Hjdwj,CTR20260785,recruiting,山西省肿瘤医院,shanxi,china
cqUObYck9r2udP2Hjdwj,CTR20260785,recruiting,广东省人民医院,guangdong,china
cqUObYck9r2udP2Hjdwj,CTR20260785,recruiting,广州市第一人民医院,guangdong,china
cqUObYck9r2udP2Hjdwj,CTR20260785,recruiting,广西医科大学附属肿瘤医院,guangxi,china
cqUObYck9r2udP2Hjdwj,CTR20260785,recruiting,徐州医科大学附属医院,jiangsu,china
cqUObYck9r2udP2Hjdwj,CTR20260785,recruiting,新乡市中心医院,henan,china
cqUObYck9r2udP2Hjdwj,CTR20260785,recruiting,杭州市第一人民医院,zhejiang,china
cqUObYck9r2udP2Hjdwj,CTR20260785,recruiting,柳州市工人医院,guangxi,china
cqUObYck9r2udP2Hjdwj,CTR20260785,recruiting,梅州市人民医院,guangdong,china
cqUObYck9r2udP2Hjdwj,CTR20260785,recruiting,武汉大学中南医院,hubei,china
cqUObYck9r2udP2Hjdwj,CTR20260785,recruiting,武汉大学人民医院,hubei,china
cqUObYck9r2udP2Hjdwj,CTR20260785,recruiting,江南大学附属医院,jiangsu,china
cqUObYck9r2udP2Hjdwj,CTR20260785,recruiting,江西省肿瘤医院,jiangxi,china
cqUObYck9r2udP2Hjdwj,CTR20260785,recruiting,沧州市人民医院,hebei,china
cqUObYck9r2udP2Hjdwj,CTR20260785,recruiting,河北医科大学第三医院,hebei,china
cqUObYck9r2udP2Hjdwj,CTR20260785,recruiting,河北医科大学第二医院,hebei,china
cqUObYck9r2udP2Hjdwj,CTR20260785,recruiting,河北大学附属医院,hebei,china
cqUObYck9r2udP2Hjdwj,CTR20260785,recruiting,河南省人民医院,henan,china
cqUObYck9r2udP2Hjdwj,CTR20260785,recruiting,河南省肿瘤医院,henan,china
cqUObYck9r2udP2Hjdwj,CTR20260785,recruiting,河南科技大学第一附属医院,henan,china
cqUObYck9r2udP2Hjdwj,CTR20260785,recruiting,济宁市第一人民医院,shandong,china
cqUObYck9r2udP2Hjdwj,CTR20260785,recruiting,浙江大学医学院附属第一医院,zhejiang,china
cqUObYck9r2udP2Hjdwj,CTR20260785,recruiting,浙江大学医学院附属邵逸夫医院,zhejiang,china
cqUObYck9r2udP2Hjdwj,CTR20260785,recruiting,浙江省人民医院,zhejiang,china
cqUObYck9r2udP2Hjdwj,CTR20260785,recruiting,深圳市人民医院,guangdong,china
cqUObYck9r2udP2Hjdwj,CTR20260785,recruiting,温州医科大学附属第二医院,zhejiang,china
cqUObYck9r2udP2Hjdwj,CTR20260785,recruiting,潍坊市人民医院,shandong,china
cqUObYck9r2udP2Hjdwj,CTR20260785,recruiting,福建医科大学附属第一医院,fujian,china
cqUObYck9r2udP2Hjdwj,CTR20260785,recruiting,苏州大学附属第二医院,jiangsu,china
cqUObYck9r2udP2Hjdwj,CTR20260785,recruiting,蚌埠医科大学第一附属医院,anhui,china
cqUObYck9r2udP2Hjdwj,CTR20260785,recruiting,贵州医科大学附属医院,guizhou,china
cqUObYck9r2udP2Hjdwj,CTR20260785,recruiting,赣南医科大学,jiangxi,china
cqUObYck9r2udP2Hjdwj,CTR20260785,recruiting,辽宁省肿瘤医院,liaoning,china
cqUObYck9r2udP2Hjdwj,CTR20260785,recruiting,郑州大学第一附属医院,henan,china
cqUObYck9r2udP2Hjdwj,CTR20260785,recruiting,重庆医科大学附属第一医院,chongqing,china
cqUObYck9r2udP2Hjdwj,CTR20260785,recruiting,青岛大学附属医院,shandong,china
cqUObYck9r2udP2Hjdwj,CTR20260785,recruiting,首都医科大学附属北京朝阳医院,beijing,china
iwTYbkO2LVHRG3NaKFyc,CTR20261752,recruiting,上海市第四人民医院,shanghai,china
iwTYbkO2LVHRG3NaKFyc,CTR20261752,recruiting,东南大学附属中大医院,jiangsu,china
iwTYbkO2LVHRG3NaKFyc,CTR20261752,recruiting,中南大学湘雅三医院,hunan,china
iwTYbkO2LVHRG3NaKFyc,CTR20261752,recruiting,中国医学科学院血液病医院,tianjin,china
iwTYbkO2LVHRG3NaKFyc,CTR20261752,recruiting,中国医科大学附属盛京医院,liaoning,china
iwTYbkO2LVHRG3NaKFyc,CTR20261752,recruiting,中国医科大学附属第一医院,liaoning,china
iwTYbkO2LVHRG3NaKFyc,CTR20261752,recruiting,中山大学孙逸仙纪念医院,guangdong,china
iwTYbkO2LVHRG3NaKFyc,CTR20261752,recruiting,中山大学肿瘤防治中心,guangdong,china
iwTYbkO2LVHRG3NaKFyc,CTR20261752,recruiting,北京大学第三医院,beijing,china
iwTYbkO2LVHRG3NaKFyc,CTR20261752,recruiting,华中科技大学同济医学院附属协和医院,hubei,china
iwTYbkO2LVHRG3NaKFyc,CTR20261752,recruiting,南京大学医学院附属鼓楼医院,jiangsu,china
iwTYbkO2LVHRG3NaKFyc,CTR20261752,recruiting,南方医科大学珠江医院,guangdong,china
iwTYbkO2LVHRG3NaKFyc,CTR20261752,recruiting,南昌大学第二附属医院,jiangxi,china
iwTYbkO2LVHRG3NaKFyc,CTR20261752,recruiting,吉林大学第一医院,jilin,china
iwTYbkO2LVHRG3NaKFyc,CTR20261752,recruiting,哈尔滨医科大学附属第一医院,heilongjiang,china
iwTYbkO2LVHRG3NaKFyc,CTR20261752,recruiting,四川省人民医院,sichuan,china
iwTYbkO2LVHRG3NaKFyc,CTR20261752,recruiting,安徽医科大学第一附属医院,anhui,china
iwTYbkO2LVHRG3NaKFyc,CTR20261752,recruiting,安徽医科大学第二附属医院,anhui,china
iwTYbkO2LVHRG3NaKFyc,CTR20261752,recruiting,山西省肿瘤医院,shanxi,china
iwTYbkO2LVHRG3NaKFyc,CTR20261752,recruiting,广西医科大学第一附属医院,guangxi,china
iwTYbkO2LVHRG3NaKFyc,CTR20261752,recruiting,新疆维吾尔自治区人民医院,xinjiang,china
iwTYbkO2LVHRG3NaKFyc,CTR20261752,recruiting,昆明医科大学第一附属医院,yunnan,china
iwTYbkO2LVHRG3NaKFyc,CTR20261752,recruiting,桂林医科大学第一附属医院,guangxi,china
iwTYbkO2LVHRG3NaKFyc,CTR20261752,recruiting,江西省人民医院,jiangxi,china
iwTYbkO2LVHRG3NaKFyc,CTR20261752,recruiting,河北医科大学第二医院,hebei,china
iwTYbkO2LVHRG3NaKFyc,CTR20261752,recruiting,河南省肿瘤医院,henan,china
iwTYbkO2LVHRG3NaKFyc,CTR20261752,recruiting,泰安市中心医院,shandong,china
iwTYbkO2LVHRG3NaKFyc,CTR20261752,recruiting,济宁市第一人民医院,shandong,china
iwTYbkO2LVHRG3NaKFyc,CTR20261752,recruiting,浙江大学医学院附属第一医院,zhejiang,china
iwTYbkO2LVHRG3NaKFyc,CTR20261752,recruiting,海南医科大学第二附属医院,hainan,china
iwTYbkO2LVHRG3NaKFyc,CTR20261752,recruiting,温州医科大学附属第一医院,zhejiang,china
iwTYbkO2LVHRG3NaKFyc,CTR20261752,recruiting,潍坊市人民医院,shandong,china
iwTYbkO2LVHRG3NaKFyc,CTR20261752,recruiting,玉林市红十字会医院,guangxi,china
iwTYbkO2LVHRG3NaKFyc,CTR20261752,recruiting,菏泽市立医院,shandong,china
iwTYbkO2LVHRG3NaKFyc,CTR20261752,recruiting,许昌市中心医院,henan,china
iwTYbkO2LVHRG3NaKFyc,CTR20261752,recruiting,贵州省人民医院,guizhou,china
iwTYbkO2LVHRG3NaKFyc,CTR20261752,recruiting,重庆大学附属肿瘤医院,chongqing,china
iwTYbkO2LVHRG3NaKFyc,CTR20261752,recruiting,陕西省人民医院,shaanxi,china
iwTYbkO2LVHRG3NaKFyc,CTR20261752,recruiting,青岛市市立医院,shandong,china
mnp16PdCHrRaC9OLfVkX,CTR20262035,recruiting,上海市同济医院,shanghai,china
mnp16PdCHrRaC9OLfVkX,CTR20262035,recruiting,上海市第六人民医院,shanghai,china
mnp16PdCHrRaC9OLfVkX,CTR20262035,recruiting,上海市第四人民医院,shanghai,china
mnp16PdCHrRaC9OLfVkX,CTR20262035,recruiting,上海长征医院,shanghai,china
mnp16PdCHrRaC9OLfVkX,CTR20262035,recruiting,中南大学湘雅三医院,hunan,china
mnp16PdCHrRaC9OLfVkX,CTR20262035,recruiting,中南大学湘雅二医院,hunan,china
mnp16PdCHrRaC9OLfVkX,CTR20262035,recruiting,中国人民解放军陆军军医大学第二附属医院（新桥医院）,chongqing,china
mnp16PdCHrRaC9OLfVkX,CTR20262035,recruiting,中国医科大学附属盛京医院,liaoning,china
mnp16PdCHrRaC9OLfVkX,CTR20262035,recruiting,中山大学肿瘤防治中心,guangdong,china
mnp16PdCHrRaC9OLfVkX,CTR20262035,recruiting,云南省肿瘤医院,yunnan,china
mnp16PdCHrRaC9OLfVkX,CTR20262035,recruiting,内蒙古医科大学附属医院,innermongolia,china
mnp16PdCHrRaC9OLfVkX,CTR20262035,recruiting,北京大学人民医院,beijing,china
mnp16PdCHrRaC9OLfVkX,CTR20262035,recruiting,北京大学第一医院,beijing,china
mnp16PdCHrRaC9OLfVkX,CTR20262035,recruiting,华中科技大学同济医学院附属协和医院,hubei,china
mnp16PdCHrRaC9OLfVkX,CTR20262035,recruiting,华中科技大学同济医学院附属同济医院,hubei,china
mnp16PdCHrRaC9OLfVkX,CTR20262035,recruiting,南昌大学第一附属医院,jiangxi,china
mnp16PdCHrRaC9OLfVkX,CTR20262035,recruiting,南通大学附属医院,jiangsu,china
mnp16PdCHrRaC9OLfVkX,CTR20262035,recruiting,厦门大学附属中山医院,fujian,china
mnp16PdCHrRaC9OLfVkX,CTR20262035,recruiting,吉林大学第一医院,jilin,china
mnp16PdCHrRaC9OLfVkX,CTR20262035,recruiting,哈尔滨医科大学附属第一医院,heilongjiang,china
mnp16PdCHrRaC9OLfVkX,CTR20262035,recruiting,哈尔滨医科大学附属肿瘤医院,heilongjiang,china
mnp16PdCHrRaC9OLfVkX,CTR20262035,recruiting,复旦大学附属中山医院,shanghai,china
mnp16PdCHrRaC9OLfVkX,CTR20262035,recruiting,天津市第一中心医院,tianjin,china
mnp16PdCHrRaC9OLfVkX,CTR20262035,recruiting,天津市肿瘤医院,tianjin,china
mnp16PdCHrRaC9OLfVkX,CTR20262035,recruiting,安徽省肿瘤医院,anhui,china
mnp16PdCHrRaC9OLfVkX,CTR20262035,recruiting,山东大学齐鲁医院,shandong,china
mnp16PdCHrRaC9OLfVkX,CTR20262035,recruiting,山东省立医院,shandong,china
mnp16PdCHrRaC9OLfVkX,CTR20262035,recruiting,山东省肿瘤医院,shandong,china
mnp16PdCHrRaC9OLfVkX,CTR20262035,recruiting,广东省人民医院,guangdong,china
mnp16PdCHrRaC9OLfVkX,CTR20262035,recruiting,广西医科大学第一附属医院,guangxi,china
mnp16PdCHrRaC9OLfVkX,CTR20262035,recruiting,徐州医科大学附属医院,jiangsu,china
mnp16PdCHrRaC9OLfVkX,CTR20262035,recruiting,暨南大学附属第一医院,guangdong,china
mnp16PdCHrRaC9OLfVkX,CTR20262035,recruiting,江苏省人民医院,jiangsu,china
mnp16PdCHrRaC9OLfVkX,CTR20262035,recruiting,江西省肿瘤医院,jiangxi,china
mnp16PdCHrRaC9OLfVkX,CTR20262035,recruiting,河北医科大学第四医院,hebei,china
mnp16PdCHrRaC9OLfVkX,CTR20262035,recruiting,河南省肿瘤医院,henan,china
mnp16PdCHrRaC9OLfVkX,CTR20262035,recruiting,河南科技大学第一附属医院,henan,china
mnp16PdCHrRaC9OLfVkX,CTR20262035,recruiting,济宁医学院附属医院,shandong,china
mnp16PdCHrRaC9OLfVkX,CTR20262035,recruiting,浙江大学医学院附属第一医院,zhejiang,china
mnp16PdCHrRaC9OLfVkX,CTR20262035,recruiting,浙江大学医学院附属第二医院,zhejiang,china
mnp16PdCHrRaC9OLfVkX,CTR20262035,recruiting,福建医科大学附属协和医院,fujian,china
mnp16PdCHrRaC9OLfVkX,CTR20262035,recruiting,空军军医大学第一附属医院,shaanxi,china
mnp16PdCHrRaC9OLfVkX,CTR20262035,recruiting,郑州大学第一附属医院,henan,china
mnp16PdCHrRaC9OLfVkX,CTR20262035,recruiting,青岛大学附属医院,shandong,china
mnp16PdCHrRaC9OLfVkX,CTR20262035,recruiting,首都医科大学附属北京朝阳医院,beijing,china
0JTHS7IhHjjFf8AKZCyC,CTR20262221,recruiting,A O U Sant Orsola Malpighi,,overseas
0JTHS7IhHjjFf8AKZCyC,CTR20262221,recruiting,A.O.U. Citta della Salute e della Scienza di Torino - Presidio Molinette,,overseas
0JTHS7IhHjjFf8AKZCyC,CTR20262221,recruiting,"ACRC/Arizona Clinical Research Center, Inc.",,overseas
0JTHS7IhHjjFf8AKZCyC,CTR20262221,recruiting,ASST Santi Paolo e Carlo,,overseas
0JTHS7IhHjjFf8AKZCyC,CTR20262221,recruiting,"ASST dei Sette Laghi, Ospedale di Circolo e Fonazione Macchi",,overseas
0JTHS7IhHjjFf8AKZCyC,CTR20262221,recruiting,Alabama Oncology,,overseas
0JTHS7IhHjjFf8AKZCyC,CTR20262221,recruiting,Alexandra General Hospital of Athens,,overseas
0JTHS7IhHjjFf8AKZCyC,CTR20262221,recruiting,All India Institute of Medical Sciences,,overseas
0JTHS7IhHjjFf8AKZCyC,CTR20262221,recruiting,Ankara Etlik Sehir Hastanesi,,overseas
0JTHS7IhHjjFf8AKZCyC,CTR20262221,recruiting,Ankara University Medical Faculty,,overseas
0JTHS7IhHjjFf8AKZCyC,CTR20262221,recruiting,Arthur J E Child Comprehensive Cancer Centre,,overseas
0JTHS7IhHjjFf8AKZCyC,CTR20262221,recruiting,Asan Medical Center,,overseas
0JTHS7IhHjjFf8AKZCyC,CTR20262221,recruiting,Asklepios Klinik Altona,,overseas
0JTHS7IhHjjFf8AKZCyC,CTR20262221,recruiting,Astera Cancer Care,,overseas
0JTHS7IhHjjFf8AKZCyC,CTR20262221,recruiting,Atrium Health Levine Cancer Institute,,overseas
0JTHS7IhHjjFf8AKZCyC,CTR20262221,recruiting,Augusta University,,overseas
0JTHS7IhHjjFf8AKZCyC,CTR20262221,recruiting,Austin Hospital,,overseas
0JTHS7IhHjjFf8AKZCyC,CTR20262221,recruiting,Azienda Ospedaliero Universitaria Maggiore della Carita di Novara,,overseas
0JTHS7IhHjjFf8AKZCyC,CTR20262221,recruiting,Azienda Sanitaria dell'Alto Adige - Ospedale di Bolzano,,overseas
0JTHS7IhHjjFf8AKZCyC,CTR20262221,recruiting,Banner MD Anderson Cancer Center,,overseas
0JTHS7IhHjjFf8AKZCyC,CTR20262221,recruiting,Baylor University Medical Center,,overseas
0JTHS7IhHjjFf8AKZCyC,CTR20262221,recruiting,Beverly Hills Cancer Center Clinical Research Advisors LLC,,overseas
0JTHS7IhHjjFf8AKZCyC,CTR20262221,recruiting,Bhagwan Mahaveer Cancer Hospital & Research Centre,,overseas
0JTHS7IhHjjFf8AKZCyC,CTR20262221,recruiting,Bon Secours Saint Francis Cancer Center,,overseas
0JTHS7IhHjjFf8AKZCyC,CTR20262221,recruiting,Box Hill Hospital,,overseas
0JTHS7IhHjjFf8AKZCyC,CTR20262221,recruiting,British Columbia Cancer - Surrey,,overseas
0JTHS7IhHjjFf8AKZCyC,CTR20262221,recruiting,CHRU Montpellier - Hopital Saint-Eloi,,overseas
0JTHS7IhHjjFf8AKZCyC,CTR20262221,recruiting,CHRU de Lille Hopital Claude Huriez,,overseas
0JTHS7IhHjjFf8AKZCyC,CTR20262221,recruiting,CHRU de Tours,,overseas
0JTHS7IhHjjFf8AKZCyC,CTR20262221,recruiting,CHU Amiens,,overseas
0JTHS7IhHjjFf8AKZCyC,CTR20262221,recruiting,CHU Bordeaux,,overseas
0JTHS7IhHjjFf8AKZCyC,CTR20262221,recruiting,CHU Nantes - Hotel Dieu,,overseas
0JTHS7IhHjjFf8AKZCyC,CTR20262221,recruiting,CHU Poitiers - Hopital la Miletrie,,overseas
0JTHS7IhHjjFf8AKZCyC,CTR20262221,recruiting,CHU Toulouse,,overseas
0JTHS7IhHjjFf8AKZCyC,CTR20262221,recruiting,CLINICA UNIV. DE NAVARRA,,overseas
0JTHS7IhHjjFf8AKZCyC,CTR20262221,recruiting,Canberra Hospital,,overseas
0JTHS7IhHjjFf8AKZCyC,CTR20262221,recruiting,Carmel Medical Center,,overseas
0JTHS7IhHjjFf8AKZCyC,CTR20262221,recruiting,Casa di Cura La Maddalena,,overseas
0JTHS7IhHjjFf8AKZCyC,CTR20262221,recruiting,Centrum Onkologii Ziemi Lubelskiej im sw Jana z Dukli,,overseas
0JTHS7IhHjjFf8AKZCyC,CTR20262221,recruiting,Chiba Cancer Center,,overseas
0JTHS7IhHjjFf8AKZCyC,CTR20262221,recruiting,Chonnam National University Hwasun Hospital,,overseas
0JTHS7IhHjjFf8AKZCyC,CTR20262221,recruiting,Christus St. Vincent Regional Cancer Center,,overseas
0JTHS7IhHjjFf8AKZCyC,CTR20262221,recruiting,Cleveland Clinic,,overseas
0JTHS7IhHjjFf8AKZCyC,CTR20262221,recruiting,Clinica Medica Sao Germano LTDA,,overseas
0JTHS7IhHjjFf8AKZCyC,CTR20262221,recruiting,Colorado Blood Cancer Institute,,overseas
0JTHS7IhHjjFf8AKZCyC,CTR20262221,recruiting,Columbia University,,overseas
0JTHS7IhHjjFf8AKZCyC,CTR20262221,recruiting,Cross Cancer Institute,,overseas
0JTHS7IhHjjFf8AKZCyC,CTR20262221,recruiting,Dayton Physicians Network Urology,,overseas
0JTHS7IhHjjFf8AKZCyC,CTR20262221,recruiting,Deenanath Mangeshkar Hospital and Research Centre,,overseas
0JTHS7IhHjjFf8AKZCyC,CTR20262221,recruiting,Dr Abdurrahman Yurtaslan Oncology Training and Research Hospital,,overseas
0JTHS7IhHjjFf8AKZCyC,CTR20262221,recruiting,Duke University Medical Center,,overseas
0JTHS7IhHjjFf8AKZCyC,CTR20262221,recruiting,Durham VAMC,,overseas
0JTHS7IhHjjFf8AKZCyC,CTR20262221,recruiting,Emory University,,overseas
0JTHS7IhHjjFf8AKZCyC,CTR20262221,recruiting,Evangelismos S A,,overseas
0JTHS7IhHjjFf8AKZCyC,CTR20262221,recruiting,FN Hradec Kralove,,overseas
0JTHS7IhHjjFf8AKZCyC,CTR20262221,recruiting,FN Plzen,,overseas
0JTHS7IhHjjFf8AKZCyC,CTR20262221,recruiting,Fakultni Nemocnice Ostrava,,overseas
0JTHS7IhHjjFf8AKZCyC,CTR20262221,recruiting,Fakultni nemocnice Brno,,overseas
0JTHS7IhHjjFf8AKZCyC,CTR20262221,recruiting,Fakultni nemocnice Kralovske Vinohrady,,overseas
0JTHS7IhHjjFf8AKZCyC,CTR20262221,recruiting,Florida Cancer Specialists,,overseas
0JTHS7IhHjjFf8AKZCyC,CTR20262221,recruiting,Fortis Memorial Research Institute,,overseas
0JTHS7IhHjjFf8AKZCyC,CTR20262221,recruiting,Franciscan Health,,overseas
0JTHS7IhHjjFf8AKZCyC,CTR20262221,recruiting,Gabrail Cancer Center,,overseas
0JTHS7IhHjjFf8AKZCyC,CTR20262221,recruiting,Grupo ELORA Centro de Pesquisa e Ensino em Saude de Santa Catarina,,overseas
0JTHS7IhHjjFf8AKZCyC,CTR20262221,recruiting,Gulhane Egitim ve Arastirma Hastanesi,,overseas
0JTHS7IhHjjFf8AKZCyC,CTR20262221,recruiting,Gunma University Hospital,,overseas
0JTHS7IhHjjFf8AKZCyC,CTR20262221,recruiting,Gustave Roussy,,overseas
0JTHS7IhHjjFf8AKZCyC,CTR20262221,recruiting,HOSP CLINICO UNIV DE SALAMANCA,,overseas
0JTHS7IhHjjFf8AKZCyC,CTR20262221,recruiting,HOSP REINA SOFIA,,overseas
0JTHS7IhHjjFf8AKZCyC,CTR20262221,recruiting,HOSP UNIV VALL D HEBRON,,overseas
0JTHS7IhHjjFf8AKZCyC,CTR20262221,recruiting,HOSP. CLINIC DE BARCELONA,,overseas
0JTHS7IhHjjFf8AKZCyC,CTR20262221,recruiting,HOSP. CLINICO UNIV. DE SANTIAGO,,overseas
0JTHS7IhHjjFf8AKZCyC,CTR20262221,recruiting,HOSP. DE JEREZ DE LA FRONTERA,,overseas
0JTHS7IhHjjFf8AKZCyC,CTR20262221,recruiting,HOSP. SAN PEDRO DE ALCANTARA,,overseas
0JTHS7IhHjjFf8AKZCyC,CTR20262221,recruiting,HOSP. UNIV. 12 DE OCTUBRE,,overseas
0JTHS7IhHjjFf8AKZCyC,CTR20262221,recruiting,HOSP. UNIV. GERMANS TRIAS I PUJOL,,overseas
0JTHS7IhHjjFf8AKZCyC,CTR20262221,recruiting,HOSP. UNIV. I POLITECNI LA FE,,overseas
0JTHS7IhHjjFf8AKZCyC,CTR20262221,recruiting,HOSP. UNIV. MARQUES DE VALDECILLA,,overseas
0JTHS7IhHjjFf8AKZCyC,CTR20262221,recruiting,HOSP. VIRGEN DEL ROCIO,,overseas
0JTHS7IhHjjFf8AKZCyC,CTR20262221,recruiting,Highlands Oncology Group,,overseas
0JTHS7IhHjjFf8AKZCyC,CTR20262221,recruiting,Hospices Civils de Lyon HCL,,overseas
0JTHS7IhHjjFf8AKZCyC,CTR20262221,recruiting,Hospital Erasto Gaertner- Liga Paranaense de Combate ao Cancer,,overseas
0JTHS7IhHjjFf8AKZCyC,CTR20262221,recruiting,Hospital Israelita Albert Einstein,,overseas
0JTHS7IhHjjFf8AKZCyC,CTR20262221,recruiting,Hospital Sao Rafael,,overseas
0JTHS7IhHjjFf8AKZCyC,CTR20262221,recruiting,Hospital de Base da Fundacao Faculdade Regional de Medicina de Sao Jose do Rio Preto,,overseas
0JTHS7IhHjjFf8AKZCyC,CTR20262221,recruiting,IDOR - Regional Sao Paulo,,overseas
0JTHS7IhHjjFf8AKZCyC,CTR20262221,recruiting,Icahn School of Medicine at Mount Sinai,,overseas
0JTHS7IhHjjFf8AKZCyC,CTR20262221,recruiting,Instituto Joinvilense de Hematologia e Oncologia Ltda Centro de Hematologia e Oncologia,,overseas
0JTHS7IhHjjFf8AKZCyC,CTR20262221,recruiting,"Instituto de Educacao, Pesquisa e Gestao em Saude Instituto Americas (COI)",,overseas
0JTHS7IhHjjFf8AKZCyC,CTR20262221,recruiting,Irmandade Santa Casa de Misericordia de Porto Alegre - Hospital da Crianca Santo Antonio,,overseas
0JTHS7IhHjjFf8AKZCyC,CTR20262221,recruiting,Istanbul Florance Nightingale Hospital,,overseas
0JTHS7IhHjjFf8AKZCyC,CTR20262221,recruiting,Izmir Tinaztepe University Galen Hospital,,overseas
0JTHS7IhHjjFf8AKZCyC,CTR20262221,recruiting,Jewish General Hospital,,overseas
0JTHS7IhHjjFf8AKZCyC,CTR20262221,recruiting,Joe Arrington Cancer Research Treatment Center,,overseas
0JTHS7IhHjjFf8AKZCyC,CTR20262221,recruiting,Johns Hopkins Hospital,,overseas
0JTHS7IhHjjFf8AKZCyC,CTR20262221,recruiting,Kanagawa Cancer Center,,overseas
0JTHS7IhHjjFf8AKZCyC,CTR20262221,recruiting,Karmanos Cancer Institute,,overseas
0JTHS7IhHjjFf8AKZCyC,CTR20262221,recruiting,Lakeridge Health Oshawa,,overseas
0JTHS7IhHjjFf8AKZCyC,CTR20262221,recruiting,Laura and Isaac Perlmutter Cancer Center NYU ACC,,overseas
0JTHS7IhHjjFf8AKZCyC,CTR20262221,recruiting,Liv Hospital Ankara,,overseas
0JTHS7IhHjjFf8AKZCyC,CTR20262221,recruiting,Louisiana State University Health Sciences Center,,overseas
0JTHS7IhHjjFf8AKZCyC,CTR20262221,recruiting,M S Ramaiah Medical College and Hospital,,overseas
0JTHS7IhHjjFf8AKZCyC,CTR20262221,recruiting,MTZ Clinical Research Powered by Pratia,,overseas
0JTHS7IhHjjFf8AKZCyC,CTR20262221,recruiting,Macquarie University Hospital,,overseas
0JTHS7IhHjjFf8AKZCyC,CTR20262221,recruiting,Matsuyama Red Cross Hospital,,overseas
0JTHS7IhHjjFf8AKZCyC,CTR20262221,recruiting,Mayo Clinic,,overseas
0JTHS7IhHjjFf8AKZCyC,CTR20262221,recruiting,Mayo Clinic 1,,overseas
0JTHS7IhHjjFf8AKZCyC,CTR20262221,recruiting,Mayo Clinic Jacksonville,,overseas
0JTHS7IhHjjFf8AKZCyC,CTR20262221,recruiting,Medical College Of Wisconsin,,overseas
0JTHS7IhHjjFf8AKZCyC,CTR20262221,recruiting,Medipol Mega University Hospital,,overseas
0JTHS7IhHjjFf8AKZCyC,CTR20262221,recruiting,Medizinische Hochschule Hannover,,overseas
0JTHS7IhHjjFf8AKZCyC,CTR20262221,recruiting,Memorial Antalya Hospital,,overseas
0JTHS7IhHjjFf8AKZCyC,CTR20262221,recruiting,Memorial Cancer Institute,,overseas
0JTHS7IhHjjFf8AKZCyC,CTR20262221,recruiting,Memorial Sloan Kettering Cancer Center,,overseas
0JTHS7IhHjjFf8AKZCyC,CTR20262221,recruiting,Mersin University Medical Faculty,,overseas
0JTHS7IhHjjFf8AKZCyC,CTR20262221,recruiting,National Cancer Center,,overseas
0JTHS7IhHjjFf8AKZCyC,CTR20262221,recruiting,National Hospital Organization Kyushu Medical Center,,overseas
0JTHS7IhHjjFf8AKZCyC,CTR20262221,recruiting,National Hospital Organization Okayama Medical Center,,overseas
0JTHS7IhHjjFf8AKZCyC,CTR20262221,recruiting,Nebraska Cancer Specialists,,overseas
0JTHS7IhHjjFf8AKZCyC,CTR20262221,recruiting,New England Cancer Specialists,,overseas
0JTHS7IhHjjFf8AKZCyC,CTR20262221,recruiting,New York Cancer and Blood Specialists,,overseas
0JTHS7IhHjjFf8AKZCyC,CTR20262221,recruiting,New York Oncology Hematology,,overseas
0JTHS7IhHjjFf8AKZCyC,CTR20262221,recruiting,Nil Ratan Sircar Medical College and Hospital,,overseas
0JTHS7IhHjjFf8AKZCyC,CTR20262221,recruiting,"NorthWest Medical Specialties, PLLC",,overseas
0JTHS7IhHjjFf8AKZCyC,CTR20262221,recruiting,Norton Cancer Institute,,overseas
0JTHS7IhHjjFf8AKZCyC,CTR20262221,recruiting,Ohio Health,,overseas
0JTHS7IhHjjFf8AKZCyC,CTR20262221,recruiting,Oncology Hematology Care,,overseas
0JTHS7IhHjjFf8AKZCyC,CTR20262221,recruiting,Ondokuz Mayis University,,overseas
0JTHS7IhHjjFf8AKZCyC,CTR20262221,recruiting,Ospedale Infermi Rimini,,overseas
0JTHS7IhHjjFf8AKZCyC,CTR20262221,recruiting,"Ospedale S. Spirito, Azienda Sanitaria Pescara",,overseas
0JTHS7IhHjjFf8AKZCyC,CTR20262221,recruiting,Ospedale San Raffaele di Milano,,overseas
0JTHS7IhHjjFf8AKZCyC,CTR20262221,recruiting,Port Macquarie Base Hospital,,overseas
0JTHS7IhHjjFf8AKZCyC,CTR20262221,recruiting,Pratia Onkologia Katowice,,overseas
0JTHS7IhHjjFf8AKZCyC,CTR20262221,recruiting,Princess Margaret Hospital,,overseas
0JTHS7IhHjjFf8AKZCyC,CTR20262221,recruiting,Queen Elizabeth II Health Sciences Centre,,overseas
0JTHS7IhHjjFf8AKZCyC,CTR20262221,recruiting,Rabin Medical Center,,overseas
0JTHS7IhHjjFf8AKZCyC,CTR20262221,recruiting,Rajiv Gandhi Cancer Institute and Research Centre,,overseas
0JTHS7IhHjjFf8AKZCyC,CTR20262221,recruiting,Rambam Med. Center - Hematology Institute,,overseas
0JTHS7IhHjjFf8AKZCyC,CTR20262221,recruiting,Real e Benemerita Associacao Portuguesa de Beneficencia,,overseas
0JTHS7IhHjjFf8AKZCyC,CTR20262221,recruiting,Richard L. Roudebush VA Medical Center,,overseas
0JTHS7IhHjjFf8AKZCyC,CTR20262221,recruiting,Royal Perth Hospital,,overseas
0JTHS7IhHjjFf8AKZCyC,CTR20262221,recruiting,Rush University Medical Center,,overseas
0JTHS7IhHjjFf8AKZCyC,CTR20262221,recruiting,Samson Assuta Ashdod University Hospital,,overseas
0JTHS7IhHjjFf8AKZCyC,CTR20262221,recruiting,Samsung Medical Center,,overseas
0JTHS7IhHjjFf8AKZCyC,CTR20262221,recruiting,Sapporo City General Hospital,,overseas
0JTHS7IhHjjFf8AKZCyC,CTR20262221,recruiting,Seoul National University Bundang Hospital,,overseas
0JTHS7IhHjjFf8AKZCyC,CTR20262221,recruiting,Seoul National University Hospital,,overseas
0JTHS7IhHjjFf8AKZCyC,CTR20262221,recruiting,Sheba Medical Center,,overseas
0JTHS7IhHjjFf8AKZCyC,CTR20262221,recruiting,Shonan Kamakura General Hospital,,overseas
0JTHS7IhHjjFf8AKZCyC,CTR20262221,recruiting,Sociedade Beneficente de Senhoras - Hospital Sirio Libanes HSL Unidade Brasilia,,overseas
0JTHS7IhHjjFf8AKZCyC,CTR20262221,recruiting,Spartanburg Regional Health Services Distriction Inc,,overseas
0JTHS7IhHjjFf8AKZCyC,CTR20262221,recruiting,Specjalistyczny Szpital im dra Alfreda Sokolowskiego w Walbrzychu,,overseas
0JTHS7IhHjjFf8AKZCyC,CTR20262221,recruiting,St Vincent s Hospital Sydney,,overseas
0JTHS7IhHjjFf8AKZCyC,CTR20262221,recruiting,Szpital Uniwersytecki nr 2 im dr Jana Biziela w Bydgoszczy,,overseas
0JTHS7IhHjjFf8AKZCyC,CTR20262221,recruiting,Tata Medical Center,,overseas
0JTHS7IhHjjFf8AKZCyC,CTR20262221,recruiting,Tel Aviv Sourasky Medical Center,,overseas
0JTHS7IhHjjFf8AKZCyC,CTR20262221,recruiting,"Tennessee Oncology, PLLC",,overseas
0JTHS7IhHjjFf8AKZCyC,CTR20262221,recruiting,The Cancer Institute Hospital of JFCR,,overseas
0JTHS7IhHjjFf8AKZCyC,CTR20262221,recruiting,The Catholic University of Korea Seoul St Marys Hospital,,overseas
0JTHS7IhHjjFf8AKZCyC,CTR20262221,recruiting,The Christ Hospital,,overseas
0JTHS7IhHjjFf8AKZCyC,CTR20262221,recruiting,The Ohio State University,,overseas
0JTHS7IhHjjFf8AKZCyC,CTR20262221,recruiting,The Ottawa Hospital Cancer Centre,,overseas
0JTHS7IhHjjFf8AKZCyC,CTR20262221,recruiting,Tufts Medical Center,,overseas
0JTHS7IhHjjFf8AKZCyC,CTR20262221,recruiting,U.O. Ematologia Istituto Tumori Giovanni Paolo II,,overseas
0JTHS7IhHjjFf8AKZCyC,CTR20262221,recruiting,UCLA David Geffen School of Medicine,,overseas
0JTHS7IhHjjFf8AKZCyC,CTR20262221,recruiting,UT Southwestern Medical Center,,overseas
0JTHS7IhHjjFf8AKZCyC,CTR20262221,recruiting,Universita Degli Studi di Roma Tor Vergata,,overseas
0JTHS7IhHjjFf8AKZCyC,CTR20262221,recruiting,Universitaetsklinik Tuebingen,,overseas
0JTHS7IhHjjFf8AKZCyC,CTR20262221,recruiting,Universitaetsklinikum Freiburg,,overseas
0JTHS7IhHjjFf8AKZCyC,CTR20262221,recruiting,Universitaetsklinikum Hamburg Eppendorf,,overseas
0JTHS7IhHjjFf8AKZCyC,CTR20262221,recruiting,Universitaetsklinikum Leipzig,,overseas
0JTHS7IhHjjFf8AKZCyC,CTR20262221,recruiting,Universitatsklinikum Bonn,,overseas
0JTHS7IhHjjFf8AKZCyC,CTR20262221,recruiting,University General Hospital Attikon General Hospital Of West Attica H Agia Varvara,,overseas
0JTHS7IhHjjFf8AKZCyC,CTR20262221,recruiting,University General Hospital of Ioannina,,overseas
0JTHS7IhHjjFf8AKZCyC,CTR20262221,recruiting,University Hospital Kyoto Prefectural University of Medicine,,overseas
0JTHS7IhHjjFf8AKZCyC,CTR20262221,recruiting,University Hospitals Cleveland Medical Center,,overseas
0JTHS7IhHjjFf8AKZCyC,CTR20262221,recruiting,University Of Minnesota Medical Center,,overseas
0JTHS7IhHjjFf8AKZCyC,CTR20262221,recruiting,University of Arkansas for Medical Sciences,,overseas
0JTHS7IhHjjFf8AKZCyC,CTR20262221,recruiting,University of Calif Davis Medical Center,,overseas
0JTHS7IhHjjFf8AKZCyC,CTR20262221,recruiting,University of California Irvine Medical Center,,overseas
0JTHS7IhHjjFf8AKZCyC,CTR20262221,recruiting,University of Chicago,,overseas
0JTHS7IhHjjFf8AKZCyC,CTR20262221,recruiting,University of Colorado,,overseas
0JTHS7IhHjjFf8AKZCyC,CTR20262221,recruiting,University of Connecticut Health Center,,overseas
0JTHS7IhHjjFf8AKZCyC,CTR20262221,recruiting,University of Iowa Hospitals and Clinics,,overseas
0JTHS7IhHjjFf8AKZCyC,CTR20262221,recruiting,University of Miami Hospital,,overseas
0JTHS7IhHjjFf8AKZCyC,CTR20262221,recruiting,University of Michigan,,overseas
0JTHS7IhHjjFf8AKZCyC,CTR20262221,recruiting,University of Wisconsin Carbone Cancer Center,,overseas
0JTHS7IhHjjFf8AKZCyC,CTR20262221,recruiting,Uniwersyteckie Centrum Kliniczne,,overseas
0JTHS7IhHjjFf8AKZCyC,CTR20262221,recruiting,Utah Cancer Specialists,,overseas
0JTHS7IhHjjFf8AKZCyC,CTR20262221,recruiting,VA Ann Arbor Healthcare System,,overseas
0JTHS7IhHjjFf8AKZCyC,CTR20262221,recruiting,VFN Praha,,overseas
0JTHS7IhHjjFf8AKZCyC,CTR20262221,recruiting,Valkyrie Clinical Trials,,overseas
0JTHS7IhHjjFf8AKZCyC,CTR20262221,recruiting,Virginia Cancer Specialists,,overseas
0JTHS7IhHjjFf8AKZCyC,CTR20262221,recruiting,Virginia Commonwealth University Medical Center,,overseas
0JTHS7IhHjjFf8AKZCyC,CTR20262221,recruiting,Virginia Oncology Associates Brock Cancer Center,,overseas
0JTHS7IhHjjFf8AKZCyC,CTR20262221,recruiting,Weill Cornell Medical College,,overseas
0JTHS7IhHjjFf8AKZCyC,CTR20262221,recruiting,Willamette Valley Cancer Institute and Research Center,,overseas
0JTHS7IhHjjFf8AKZCyC,CTR20262221,recruiting,上海市第四人民医院,shanghai,china
0JTHS7IhHjjFf8AKZCyC,CTR20262221,recruiting,中国医学科学院北京协和医院,beijing,china
0JTHS7IhHjjFf8AKZCyC,CTR20262221,recruiting,中国医学科学院血液病医院（中国医学科学院血液学研究所）,tianjin,china
0JTHS7IhHjjFf8AKZCyC,CTR20262221,recruiting,中国医科大学附属盛京医院,liaoning,china
0JTHS7IhHjjFf8AKZCyC,CTR20262221,recruiting,中国医药大学附设医院,taiwan,china
0JTHS7IhHjjFf8AKZCyC,CTR20262221,recruiting,中山大学附属肿瘤医院,guangdong,china
0JTHS7IhHjjFf8AKZCyC,CTR20262221,recruiting,北京大学深圳医院,guangdong,china
0JTHS7IhHjjFf8AKZCyC,CTR20262221,recruiting,北京大学第一医院,beijing,china
0JTHS7IhHjjFf8AKZCyC,CTR20262221,recruiting,华中科技大学同济医学院附属同济医院,hubei,china
0JTHS7IhHjjFf8AKZCyC,CTR20262221,recruiting,南京大学医学院附属鼓楼医院,jiangsu,china
0JTHS7IhHjjFf8AKZCyC,CTR20262221,recruiting,南昌大学第一附属医院,jiangxi,china
0JTHS7IhHjjFf8AKZCyC,CTR20262221,recruiting,台中荣民总医院,,overseas
0JTHS7IhHjjFf8AKZCyC,CTR20262221,recruiting,台北荣民总医院,taiwan,china
0JTHS7IhHjjFf8AKZCyC,CTR20262221,recruiting,台湾大附设医院,taiwan,china
0JTHS7IhHjjFf8AKZCyC,CTR20262221,recruiting,吉林大学第一医院,jilin,china
0JTHS7IhHjjFf8AKZCyC,CTR20262221,recruiting,四川省医学科学院·四川省人民医院,sichuan,china
0JTHS7IhHjjFf8AKZCyC,CTR20262221,recruiting,天津市肿瘤医院,tianjin,china
0JTHS7IhHjjFf8AKZCyC,CTR20262221,recruiting,广西医科大学第一附属医院,guangxi,china
0JTHS7IhHjjFf8AKZCyC,CTR20262221,recruiting,成功大学附设医院,,overseas
0JTHS7IhHjjFf8AKZCyC,CTR20262221,recruiting,河南省肿瘤医院,henan,china
0JTHS7IhHjjFf8AKZCyC,CTR20262221,recruiting,浙江大学医学院附属第一医院,zhejiang,china
0JTHS7IhHjjFf8AKZCyC,CTR20262221,recruiting,温州医科大学附属第一医院,zhejiang,china
0JTHS7IhHjjFf8AKZCyC,CTR20262221,recruiting,西安交通大学第二附属医院,shaanxi,china
0JTHS7IhHjjFf8AKZCyC,CTR20262221,recruiting,长庚纪念医院,,overseas
0JTHS7IhHjjFf8AKZCyC,CTR20262221,recruiting,首都医科大学附属北京朝阳医院,beijing,china
Oa5nj9qJ08UFPCqv9FKv,CTR20262569,recruiting,上海交通大学医学院附属瑞金医院,shanghai,china
Oa5nj9qJ08UFPCqv9FKv,CTR20262569,recruiting,中国医科大学附属盛京医院,liaoning,china
Oa5nj9qJ08UFPCqv9FKv,CTR20262569,recruiting,华中科技大学同济医学院附属协和医院,hubei,china
Oa5nj9qJ08UFPCqv9FKv,CTR20262569,recruiting,广西医科大学第一附属医院,guangxi,china
Oa5nj9qJ08UFPCqv9FKv,CTR20262569,recruiting,河北医科大学第二医院,hebei,china
Oa5nj9qJ08UFPCqv9FKv,CTR20262569,recruiting,河南省肿瘤医院,henan,china
Oa5nj9qJ08UFPCqv9FKv,CTR20262569,recruiting,浙江大学医学院附属第一医院,zhejiang,china
Oa5nj9qJ08UFPCqv9FKv,CTR20262569,recruiting,重庆医科大学附属第一医院,chongqing,china
3Xyl6GTxzsOmc4Sv3EjW,NCT06644118,recruiting,北京高博医院,beijing,china
Uv7bPdBcN77zr7EVExx4,NCT07620314,recruiting,中国人民解放军总医院（301医院）,beijing,china
Ka989Fz57ACzO7LF9sCq,NCT07622862,recruiting,厦门大学附属中山医院,fujian,china
pfw1HPGwZ9IK7VEiqZjP,NCT07715630,recruiting,中国人民解放军联勤保障部队第920医院,yunnan,china
4shE4CVCRiHcAZNgAyeZ,TM20260016,recruiting,中国医学科学院肿瘤医院,beijing,china
